Workbook

Sheet Riepilogo di esportazione
B3: Questo documento è stato esportato da Numbers. Tutte le tabelle sono state convertite in un foglio di lavoro di Excel. Tutti gli altri oggetti di ciascun foglio di Numbers sono stati collocati in fogli di lavoro separati. Nota che i calcoli delle formule potrebbero differire in Excel.
B7: Nome del foglio di Numbers | C7: Nome della tabella di Numbers | D7: Nome foglio di lavoro Excel
B9: LEGGIMI
C10: Tabella 1 | D10: LEGGIMI
B11: Riepilogo
C12: Tabella 1 | D12: Riepilogo
B13: Tutti i giocatori
C14: Tabella 1 | D14: Tutti i giocatori
B15: Portieri
C16: Tabella 1 | D16: Portieri
B17: Difensori
C18: Tabella 1 | D18: Difensori
B19: Centrocampisti
C20: Tabella 1 | D20: Centrocampisti
B21: Attaccanti
C22: Tabella 1 | D22: Attaccanti

Sheet LEGGIMI
A1: Guida asta Fantacalcio — Serie A 2026/27
A2: Listone Gazzetta + gerarchie e stato fisico aggiornati al 5 settembre 2026
B4: Come usarlo | C4: Parti dai fogli per ruolo, filtra la fascia e poi usa Score asta, titolarità, tag, rigoristi e stato fisico. La checkbox stretta tra Score asta e Scommessa serve per segnare manualmente i tuoi obiettivi e filtrarli. Le stelline identificano le scommesse: ★ prudente, ★★ interessante, ★★★ forte upside.
B6: Perimetro | C6: 590 calciatori presenti nel listone pubblico Gazzetta 2026/27 consultato il 5 settembre, dopo la chiusura del mercato. Squadre e quotazioni provengono direttamente dal listone aggiornato.
B8: Fasce | C8: Quattro fasce calcolate separatamente per ruolo: TOP = primo 10%; SEMITOP = fino al 25%; TERZA FASCIA = fino al 50%; QUARTA FASCIA = restante 50%. Lo score privilegia la quotazione Gazzetta e corregge per titolarità, rendimento 2025/26, rigori/punizioni, indicazioni Gazzetta e indisponibilità.
B10: Titolarità | C10: È un’etichetta, non un numero. “Titolare fisso” = XI tipo Gazzetta e impiego nelle prime due giornate; “Titolare probabile” = XI tipo; “Ballottaggio (Nome)” = testa-a-testa esplicito nelle probabili formazioni della 3ª giornata; gli altri sono rotazione/riserva.
B12: Scommesse | C12: Le stelline partono dalle sezioni “possibili sorprese” delle schede squadra Gazzetta; completano l'elenco alcuni Under 23 già nell'XI tipo e nuove entrate consigliate. ★★★ richiede anche titolarità e profilo giovane/non-top.
B14: Stato fisico | C14: “Rischio infortunio” viene usato quando il giocatore risulta attualmente indisponibile nella pagina Gazzetta della 3ª giornata. Quando è indicata una giornata di rientro, aggiungo tra parentesi il mese del calendario Serie A 2026/27, per esempio “Rientro alla 14 (dicembre)”. Non è una previsione medica per l’intera stagione.
B16: Dati 26/27 | C16: Presenze, medie, gol, assist e rigori sono una fotografia dopo due giornate e pesano poco nello score. I dati 2025/26 servono per distinguere garanzie e portatori di bonus.
B18: Aggiornamento mercato | C18: Il file è stato rigenerato sul listone Gazzetta disponibile il 5 settembre, dopo la chiusura del mercato: i ceduti fuori dalla Serie A sono esclusi e i nuovi inserimenti sono inclusi.
B21: Legenda fasce | D21: Copertura dati
B22: TOP | D22: Listone Gazzetta | E22: 590
B23: SEMITOP | D23: Profili/statistiche abbinati | E23: 533
B24: TERZA FASCIA | D24: Rose esterne abbinate | E24: 511
B25: QUARTA FASCIA | D25: Schede squadra Gazzetta | E25: 20
D26: Squadre con gerarchie piazzati | E26: 20
D27: Indisponibili censiti | E27: 52
D28: Ballottaggi espliciti | E28: 39
B30: Fonti
B31: Listone e quotazioni Gazzetta | C31: https://www.gazzetta.it/calcio/fantanews/lista-giocatori-fantacalcio-serie-a-2026-27/ | H31: Ufficiale; consultato 05/09/2026
B32: Schede squadre Gazzetta | C32: https://www.gazzetta.it/calcio/fantanews/05-08-2026/fantacalcio-2026-27-titolari-rigoristi-formazioni-squadre-serie-a.shtml | H32: XI tipo, consigli e sorprese; consultate 05/09/2026
B33: Probabili formazioni Gazzetta | C33: https://www.gazzetta.it/Calcio/prob_form/ | H33: Ballottaggi della 3ª giornata; aggiornati 05/09/2026
B34: Rigoristi e punizioni Gazzetta | C34: https://www.gazzetta.it/calcio/fantanews/strumenti-fantacalcio/rigoristi/17-08-2026/rigoristi-serie-a-fantacalcio-tiratori-calci-da-fermo-punizioni.shtml | H34: Gerarchie; consultate 05/09/2026
B35: Indisponibili Gazzetta | C35: https://www.gazzetta.it/calcio/fantanews/strumenti-fantacalcio/indisponibili/lista/ | H35: Stato 3ª giornata; consultato 05/09/2026
B36: Statistiche Fantacalcio.it | C36: https://www.fantacalcio.it/statistiche-serie-a/2026-27/italia | H36: Anagrafica e dati 2026/27; consultati 05/09/2026
B37: Statistiche 2025/26 | C37: https://www.fantacalcio.it/statistiche-serie-a/2025-26/italia | H37: Storico rendimento; consultato 05/09/2026
B38: Rose e anagrafiche di controllo | C38: https://serieaspelare.se/ | H38: Controllo incrociato; consultato 05/09/2026
B39: Anagrafiche residue | C39: https://www.transfermarkt.com/ | H39: Usato solo per i nomi non coperti dalle fonti precedenti
B40: Calendario Serie A 2026/27 | C40: https://www.legaseriea.it/serie-a/news/calendario-della-serie-a-enilive-2026-27 | H40: Mese associato alla giornata di rientro

Sheet Riepilogo
A1: Riepilogo asta
A2: Conteggi automatici per ruolo e fascia; usa i filtri nei fogli giocatori per la selezione finale
A4: Ruolo | B4: Totale | C4: TOP | D4: SEMITOP | E4: TERZA FASCIA | F4: QUARTA FASCIA | G4: Scommesse | H4: Titolari | I4: Indisponibili
A5: Portieri | B5: {=COUNTA('Portieri'!$E$5:$E$76)} -> 72 | C5: {=COUNTIF('Portieri'!$A$5:$A$76,"TOP")} -> 8 | D5: {=COUNTIF('Portieri'!$A$5:$A$76,"SEMITOP")} -> 10 | E5: {=COUNTIF('Portieri'!$A$5:$A$76,"TERZA FASCIA")} -> 18 | F5: {=COUNTIF('Portieri'!$A$5:$A$76,"QUARTA FASCIA")} -> 36 | G5: {=COUNTIF('Portieri'!$D$5:$D$76,"<>")} -> 4 | H5: {=COUNTIF('Portieri'!$H$5:$H$76,"Titolare*")} -> 19 | I5: {=COUNTIF('Portieri'!$O$5:$O$76,"<>")} -> 1
A6: Difensori | B6: {=COUNTA('Difensori'!$E$5:$E$203)} -> 199 | C6: {=COUNTIF('Difensori'!$A$5:$A$203,"TOP")} -> 20 | D6: {=COUNTIF('Difensori'!$A$5:$A$203,"SEMITOP")} -> 30 | E6: {=COUNTIF('Difensori'!$A$5:$A$203,"TERZA FASCIA")} -> 50 | F6: {=COUNTIF('Difensori'!$A$5:$A$203,"QUARTA FASCIA")} -> 99 | G6: {=COUNTIF('Difensori'!$D$5:$D$203,"<>")} -> 40 | H6: {=COUNTIF('Difensori'!$H$5:$H$203,"Titolare*")} -> 71 | I6: {=COUNTIF('Difensori'!$O$5:$O$203,"<>")} -> 17
A7: Centrocampisti | B7: {=COUNTA('Centrocampisti'!$E$5:$E$203)} -> 199 | C7: {=COUNTIF('Centrocampisti'!$A$5:$A$203,"TOP")} -> 20 | D7: {=COUNTIF('Centrocampisti'!$A$5:$A$203,"SEMITOP")} -> 30 | E7: {=COUNTIF('Centrocampisti'!$A$5:$A$203,"TERZA FASCIA")} -> 50 | F7: {=COUNTIF('Centrocampisti'!$A$5:$A$203,"QUARTA FASCIA")} -> 99 | G7: {=COUNTIF('Centrocampisti'!$D$5:$D$203,"<>")} -> 47 | H7: {=COUNTIF('Centrocampisti'!$H$5:$H$203,"Titolare*")} -> 66 | I7: {=COUNTIF('Centrocampisti'!$O$5:$O$203,"<>")} -> 22
A8: Attaccanti | B8: {=COUNTA('Attaccanti'!$E$5:$E$124)} -> 120 | C8: {=COUNTIF('Attaccanti'!$A$5:$A$124,"TOP")} -> 12 | D8: {=COUNTIF('Attaccanti'!$A$5:$A$124,"SEMITOP")} -> 18 | E8: {=COUNTIF('Attaccanti'!$A$5:$A$124,"TERZA FASCIA")} -> 30 | F8: {=COUNTIF('Attaccanti'!$A$5:$A$124,"QUARTA FASCIA")} -> 60 | G8: {=COUNTIF('Attaccanti'!$D$5:$D$124,"<>")} -> 35 | H8: {=COUNTIF('Attaccanti'!$H$5:$H$124,"Titolare*")} -> 30 | I8: {=COUNTIF('Attaccanti'!$O$5:$O$124,"<>")} -> 12
A9: TOTALE | B9: {=SUM(B5:B8)} -> 590 | C9: {=SUM(C5:C8)} -> 60 | D9: {=SUM(D5:D8)} -> 88 | E9: {=SUM(E5:E8)} -> 148 | F9: {=SUM(F5:F8)} -> 294 | G9: {=SUM(G5:G8)} -> 126 | H9: {=SUM(H5:H8)} -> 186 | I9: {=SUM(I5:I8)} -> 52
A12: Lettura rapida
A13: • Score asta: indice 0–100, utile per ordinare; non è un prezzo d'acquisto.
A14: • Quotazione Gazzetta: valore ufficiale del listone pubblico consultato il 5 settembre.
A15: • Squadra attuale: controllo post-mercato aggiornato per orientarsi sulle rose definitive.
A16: • Infortuni: nei fogli per ruolo filtra la colonna “Stato fisico / rientro” ed escludi le celle vuote. Controlla sempre la data di rientro prima dell’asta.

Sheet Tutti i giocatori
A1: Tutti i giocatori
A2: 590 nomi del listone Gazzetta 2026/27 — ordinati per ruolo, fascia e score
A4: Fascia | B4: Score asta | C4: ✓ | D4: Scommessa | E4: Nome | F4: Squadra attuale | G4: Quotazione Gazzetta | H4: Titolarità | I4: Tag | J4: Età | K4: Nazionalità | L4: Piede | M4: Rigorista | N4: Punizioni | O4: Stato fisico / rientro | P4: PG 26/27 | Q4: MV 26/27 | R4: FM 26/27 | S4: Gol 26/27 | T4: Assist 26/27 | U4: Rigori 26/27 | V4: PG 25/26 | W4: MV 25/26 | X4: FM 25/26 | Y4: Gol 25/26 | Z4: Assist 25/26 | AA4: Rigori 25/26 | AB4: Scheda Gazzetta | AC4: Scheda statistiche | AD4: Fonte gerarchie
A5: TOP | B5: 91.3 | C5: FALSE | E5: Svilar M. | F5: Roma | G5: 40 | H5: Titolare fisso | I5: Titolare fisso · Consigliato Gazzetta · Garanzia voto | J5: 27 | K5: Serbia, Belgio | L5: Dx | P5: 2 | Q5: 6.25 | R5: 6.25 | S5: 0 | T5: 0 | U5: 0/0 | V5: 38 | W5: 6.32 | X5: 5.5 | Y5: 0 | Z5: 0 | AA5: 0/0 | AB5: Apri | AC5: Apri | AD5: Apri
A6: TOP | B6: 90.4 | C6: FALSE | E6: Carnesecchi M. | F6: Atalanta | G6: 35 | H6: Titolare fisso | I6: Titolare fisso · Consigliato Gazzetta · Garanzia voto | J6: 26 | K6: Italia | L6: Dx | P6: 2 | Q6: 6.75 | R6: 6.75 | S6: 0 | T6: 1 | U6: 0/0 | V6: 37 | W6: 6.43 | X6: 5.65 | Y6: 0 | Z6: 0 | AA6: 0/0 | AB6: Apri | AC6: Apri | AD6: Apri
A7: TOP | B7: 85.3 | C7: FALSE | E7: Maignan M. | F7: Milan | G7: 34 | H7: Titolare fisso | I7: Titolare fisso · Garanzia voto | J7: 31 | K7: Francia, Guyana Francese | L7: Dx | P7: 2 | Q7: 6 | R7: 5.5 | S7: 0 | T7: 0 | U7: 0/0 | V7: 37 | W7: 6.3 | X7: 5.46 | Y7: 0 | Z7: 0 | AA7: 0/0 | AB7: Apri | AC7: Apri | AD7: Apri
A8: TOP | B8: 84 | C8: FALSE | E8: Martinez J. | F8: Inter | G8: 29 | H8: Titolare fisso | I8: Titolare fisso · Consigliato Gazzetta | J8: 28 | K8: Spagna | L8: Dx | P8: 2 | Q8: 6 | R8: 5.5 | S8: 0 | T8: 0 | U8: 0/0 | V8: 5 | W8: 6 | X8: 5.2 | Y8: 0 | Z8: 0 | AA8: 0/0 | AB8: Apri | AC8: Apri | AD8: Apri
A9: TOP | B9: 83.7 | C9: FALSE | E9: Vicario G. | F9: Juventus | G9: 32 | H9: Titolare fisso | I9: Titolare fisso · Consigliato Gazzetta · Novità / ritorno in A | J9: 29 | K9: Italia | L9: Dx | P9: 2 | Q9: 6.5 | R9: 6.5 | S9: 0 | T9: 0 | U9: 0/0 | AB9: Apri | AC9: Apri | AD9: Apri
A10: TOP | B10: 83.7 | C10: FALSE | E10: Butez J. | F10: Como | G10: 31 | H10: Titolare fisso | I10: Titolare fisso · Garanzia voto | J10: 31 | K10: Francia | L10: Dx | P10: 3 | Q10: 6.17 | R10: 5.17 | S10: 0 | T10: 0 | U10: 0/0 | V10: 38 | W10: 6.11 | X10: 5.41 | Y10: 0 | Z10: 1 | AA10: 0/0 | AB10: Apri | AC10: Apri | AD10: Apri
A11: TOP | B11: 78.2 | C11: FALSE | E11: Skorupski L. | F11: Bologna | G11: 22 | H11: Titolare fisso | I11: Titolare fisso | J11: 35 | K11: Polonia | L11: Dx | P11: 2 | Q11: 5.25 | R11: 4.25 | S11: 0 | T11: 0 | U11: 0/0 | V11: 18 | W11: 6.14 | X11: 5.22 | Y11: 0 | Z11: 0 | AA11: 0/0 | AB11: Apri | AC11: Apri | AD11: Apri
A12: TOP | B12: 77.5 | C12: FALSE | E12: Caprile E. | F12: Cagliari | G12: 21 | H12: Titolare fisso | I12: Titolare fisso · Garanzia voto | J12: 25 | K12: Italia | L12: Dx | P12: 2 | Q12: 6.5 | R12: 6 | S12: 0 | T12: 0 | U12: 0/0 | V12: 38 | W12: 6.29 | X12: 4.87 | Y12: 0 | Z12: 0 | AA12: 0/0 | AB12: Apri | AC12: Apri | AD12: Apri
A13: SEMITOP | B13: 77.4 | C13: FALSE | E13: Mandas C. | F13: Lazio | G13: 29 | H13: Titolare fisso | I13: Titolare fisso · Novità / ritorno in A | J13: 24 | K13: Grecia | L13: Dx | P13: 2 | Q13: 6.5 | R13: 6.5 | S13: 0 | T13: 0 | U13: 0/0 | V13: 0 | W13: 0 | X13: 0 | Y13: 0 | Z13: 0 | AA13: 0/0 | AB13: Apri | AC13: Apri | AD13: Apri
A14: SEMITOP | B14: 75.1 | C14: FALSE | E14: Meret A. | F14: Napoli | G14: 15 | H14: Titolare fisso | I14: Titolare fisso · Consigliato Gazzetta | J14: 29 | K14: Italia | L14: Sx | P14: 2 | Q14: 6 | R14: 5 | S14: 0 | T14: 0 | U14: 0/0 | V14: 11 | W14: 6.18 | X14: 5.14 | Y14: 0 | Z14: 1 | AA14: 0/0 | AB14: Apri | AC14: Apri | AD14: Apri
A15: SEMITOP | B15: 75.1 | C15: FALSE | E15: Bijlow J. | F15: Genoa | G15: 17 | H15: Titolare fisso | I15: Titolare fisso | J15: 28 | K15: Olanda | L15: Dx | P15: 3 | Q15: 5.33 | R15: 3 | S15: 0 | T15: 0 | U15: 0/0 | V15: 16 | W15: 6.09 | X15: 4.81 | Y15: 0 | Z15: 0 | AA15: 0/0 | AB15: Apri | AC15: Apri | AD15: Apri
A16: SEMITOP | B16: 74.3 | C16: FALSE | E16: Okoye M. | F16: Udinese | G16: 16 | H16: Titolare fisso | I16: Titolare fisso · Garanzia voto | J16: 27 | K16: Nigeria, Germania | L16: Dx | P16: 2 | Q16: 6.25 | R16: 4.75 | S16: 0 | T16: 0 | U16: 0/0 | V16: 30 | W16: 6.08 | X16: 5.1 | Y16: 0 | Z16: 1 | AA16: 0/0 | AB16: Apri | AC16: Apri | AD16: Apri
A17: SEMITOP | B17: 73.5 | C17: FALSE | D17: ★★ | E17: Perri L. | F17: Torino | G17: 22 | H17: Titolare probabile | I17: Titolare probabile · Scommessa Gazzetta · Novità / ritorno in A | J17: 28 | K17: Brasile, Italia | L17: Dx | P17: 0 | Q17: 0 | R17: 0 | S17: 0 | T17: 0 | U17: 0/0 | AB17: Apri | AC17: Apri | AD17: Apri
A18: SEMITOP | B18: 72.5 | C18: FALSE | E18: Falcone W. | F18: Lecce | G18: 15 | H18: Titolare fisso | I18: Titolare fisso · Garanzia voto | J18: 31 | K18: Italia | L18: Dx | P18: 2 | Q18: 6.25 | R18: 4.25 | S18: 0 | T18: 0 | U18: 0/0 | V18: 38 | W18: 6.45 | X18: 5.26 | Y18: 0 | Z18: 0 | AA18: 0/0 | AB18: Apri | AC18: Apri | AD18: Apri
A19: SEMITOP | B19: 72.3 | C19: FALSE | E19: De Gea D. | F19: Fiorentina | G19: 15 | H19: Titolare fisso | I19: Titolare fisso · Garanzia voto | J19: 35 | K19: Spagna | L19: Dx | P19: 2 | Q19: 5 | R19: 1.5 | S19: 0 | T19: 0 | U19: 0/0 | V19: 37 | W19: 6.22 | X19: 4.97 | Y19: 0 | Z19: 0 | AA19: 0/0 | AB19: Apri | AC19: Apri | AD19: Apri
A20: SEMITOP | B20: 72.1 | C20: FALSE | E20: Muric A. | F20: Sassuolo | G20: 15 | H20: Titolare fisso | I20: Titolare fisso · Garanzia voto | J20: 27 | K20: Kosovo, Montenegro | L20: Dx | P20: 2 | Q20: 6.5 | R20: 5 | S20: 0 | T20: 0 | U20: 0/0 | V20: 32 | W20: 6.06 | X20: 4.75 | Y20: 0 | Z20: 0 | AA20: 0/0 | AB20: Apri | AC20: Apri | AD20: Apri
A21: SEMITOP | B21: 70.9 | C21: FALSE | E21: Milinkovic Savic V. | F21: Napoli | G21: 28 | H21: Rotazione / riserva | I21: Rotazione / riserva · Consigliato Gazzetta | J21: 29 | K21: Serbia, Spagna | L21: Dx | P21: 0 | Q21: 0 | R21: 0 | S21: 0 | T21: 0 | U21: 0/0 | V21: 27 | W21: 6.17 | X21: 5.61 | Y21: 0 | Z21: 0 | AA21: 0/0 | AB21: Apri | AC21: Apri | AD21: Apri
A22: SEMITOP | B22: 67.6 | C22: FALSE | D22: ★★★ | E22: Palmisani L. | F22: Frosinone | G22: 14 | H22: Titolare fisso | I22: Titolare fisso · Scommessa Gazzetta · Under 23 · Novità / ritorno in A | J22: 22 | K22: Italia | L22: Dx | P22: 2 | Q22: 6.25 | R22: 5.75 | S22: 0 | T22: 0 | U22: 0/0 | AB22: Apri | AC22: Apri | AD22: Apri
A23: TERZA FASCIA | B23: 64.6 | C23: FALSE | E23: Stankovic F. | F23: Venezia | G23: 11 | H23: Titolare fisso | I23: Titolare fisso · Novità / ritorno in A | J23: 24 | K23: Serbia | L23: Dx | P23: 2 | Q23: 6 | R23: 4 | S23: 0 | T23: 0 | U23: 0/0 | AB23: Apri | AC23: Apri | AD23: Apri
A24: TERZA FASCIA | B24: 62.5 | C24: FALSE | E24: Paleari A. | F24: Torino | G24: 17 | H24: Rotazione / riserva | I24: Rotazione / riserva | J24: 34 | K24: Italia | L24: Dx | P24: 0 | Q24: 0 | R24: 0 | S24: 0 | T24: 0 | U24: 0/0 | V24: 29 | W24: 6.12 | X24: 4.55 | Y24: 0 | Z24: 0 | AA24: 0/0 | AB24: Apri | AC24: Apri | AD24: Apri
A25: TERZA FASCIA | B25: 52.2 | C25: FALSE | E25: Thiam D. | F25: Monza | G25: 7 | H25: Ballottaggio (Tornqvist N.) | I25: Ballottaggio (Tornqvist N.) · Novità / ritorno in A | J25: 28 | K25: Senegal | L25: Dx | P25: 1 | Q25: 4.5 | R25: 1.5 | S25: 0 | T25: 0 | U25: 0/0 | AB25: Apri | AC25: Apri | AD25: Apri
A26: TERZA FASCIA | B26: 36.1 | C26: FALSE | D26: ★ | E26: Daffara G. | F26: Parma | G26: 1 | H26: Titolare probabile | I26: Titolare probabile · Under 23 | J26: 21 | K26: Italia | L26: Dx | P26: 0 | Q26: 0 | R26: 0 | S26: 0 | T26: 0 | U26: 0/0 | AB26: Apri | AC26: Apri | AD26: Apri
A27: TERZA FASCIA | B27: 36.1 | C27: FALSE | E27: Tornqvist N. | F27: Monza | G27: 1 | H27: Ballottaggio (Thiam D.) | I27: Ballottaggio (Thiam D.) | J27: 24 | K27: Svezia | L27: Sx | P27: 0 | Q27: 0 | R27: 0 | S27: 0 | T27: 0 | U27: 0/0 | V27: 0 | W27: 0 | X27: 0 | Y27: 0 | Z27: 0 | AA27: 0/0 | AB27: Apri | AC27: Apri | AD27: Apri
A28: TERZA FASCIA | B28: 32.7 | C28: FALSE | E28: Corvi E. | F28: Parma | G28: 1 | H28: Rotazione / riserva | I28: Rotazione / riserva | J28: 25 | K28: Italia | L28: Dx | P28: 2 | Q28: 6.25 | R28: 4.75 | S28: 0 | T28: 0 | U28: 0/0 | V28: 17 | W28: 6.24 | X28: 5.15 | Y28: 0 | Z28: 0 | AA28: 0/0 | AB28: Apri | AC28: Apri | AD28: Apri
A29: TERZA FASCIA | B29: 30.4 | C29: FALSE | E29: Montipo L. | F29: Venezia | G29: 1 | H29: Rotazione / riserva | I29: Rotazione / riserva · Garanzia voto | J29: 30 | K29: Italia | L29: Dx | P29: 0 | Q29: 0 | R29: 0 | S29: 0 | T29: 0 | U29: 0/0 | V29: 35 | W29: 6.14 | X29: 4.89 | Y29: 0 | Z29: 1 | AA29: 0/0 | AB29: Apri | AC29: Apri | AD29: Apri
A30: TERZA FASCIA | B30: 29.9 | C30: FALSE | E30: Provedel I. | F30: Inter | G30: 1 | H30: Rotazione / riserva | I30: Rotazione / riserva | J30: 32 | K30: Italia | L30: Dx | P30: 0 | Q30: 0 | R30: 0 | S30: 0 | T30: 0 | U30: 0/0 | V30: 27 | W30: 6.28 | X30: 5.37 | Y30: 0 | Z30: 0 | AA30: 0/0 | AB30: Apri | AC30: Apri | AD30: Apri
A31: TERZA FASCIA | B31: 29.6 | C31: FALSE | E31: Mazzocchi A. | F31: Parma | G31: 1 | H31: Rotazione / riserva | I31: Rotazione / riserva · Under 23 | J31: 18 | K31: Italien | V31: 9 | W31: 5.83 | X31: 5.83 | Y31: 0 | Z31: 1 | AA31: 0/0 | AB31: Apri | AD31: Apri
A32: TERZA FASCIA | B32: 29.4 | C32: FALSE | E32: Christensen O. | F32: Fiorentina | G32: 1 | H32: Rotazione / riserva | I32: Rotazione / riserva | J32: 27 | K32: Danimarca | L32: Dx | P32: 0 | Q32: 0 | R32: 0 | S32: 0 | T32: 0 | U32: 0/0 | V32: 1 | W32: 7.5 | X32: 6.5 | Y32: 0 | Z32: 0 | AA32: 0/0 | AB32: Apri | AC32: Apri | AD32: Apri
A33: TERZA FASCIA | B33: 29.2 | C33: FALSE | E33: Terracciano P. | F33: Milan | G33: 1 | H33: Rotazione / riserva | I33: Rotazione / riserva | J33: 36 | K33: Italia | L33: Dx | P33: 0 | Q33: 0 | R33: 0 | S33: 0 | T33: 0 | U33: 0/0 | V33: 2 | W33: 6 | X33: 6 | Y33: 0 | Z33: 0 | AA33: 0/0 | AB33: Apri | AC33: Apri | AD33: Apri
A34: TERZA FASCIA | B34: 29.1 | C34: FALSE | E34: Mascardi D. | F34: Torino | G34: 1 | H34: Rotazione / riserva | I34: Rotazione / riserva · Under 23 | J34: 19 | K34: Italia | L34: Dx | P34: 2 | Q34: 6 | R34: 4 | S34: 0 | T34: 0 | U34: 0/0 | AB34: Apri | AC34: Apri | AD34: Apri
A35: TERZA FASCIA | B35: 29 | C35: FALSE | E35: Motta E. | F35: Lazio | G35: 1 | H35: Rotazione / riserva | I35: Rotazione / riserva · Under 23 | J35: 21 | K35: Italia | L35: Dx | P35: 0 | Q35: 0 | R35: 0 | S35: 0 | T35: 0 | U35: 0/0 | V35: 9 | W35: 6 | X35: 5.17 | Y35: 0 | Z35: 0 | AA35: 0/0 | AB35: Apri | AC35: Apri | AD35: Apri
A36: TERZA FASCIA | B36: 28.9 | C36: FALSE | E36: Pessina M. | F36: Bologna | G36: 1 | H36: Rotazione / riserva | I36: Rotazione / riserva · Under 23 | J36: 18 | K36: Bologna | L36: Dx | P36: 0 | Q36: 0 | R36: 0 | S36: 0 | T36: 0 | U36: 0/0 | V36: 4 | W36: 6.12 | X36: 5.62 | Y36: 0 | Z36: 0 | AA36: 0/0 | AB36: Apri | AC36: Apri | AD36: Apri
A37: TERZA FASCIA | B37: 28.8 | C37: FALSE | E37: Turati S. | F37: Sassuolo | G37: 1 | H37: Rotazione / riserva | I37: Rotazione / riserva | J37: 25 | K37: Italia | L37: Dx | P37: 0 | Q37: 0 | R37: 0 | S37: 0 | T37: 0 | U37: 0/0 | V37: 6 | W37: 6.25 | X37: 5.08 | Y37: 0 | Z37: 0 | AA37: 0/0 | AB37: Apri | AC37: Apri | AD37: Apri
A38: TERZA FASCIA | B38: 28.6 | C38: FALSE | E38: Padelli D. | F38: Udinese | G38: 1 | H38: Rotazione / riserva | I38: Rotazione / riserva | J38: 40 | K38: Italia | L38: Dx | P38: 0 | Q38: 0 | R38: 0 | S38: 0 | T38: 0 | U38: 0/0 | V38: 2 | W38: 6.25 | X38: 5.25 | Y38: 0 | Z38: 0 | AA38: 0/0 | AB38: Apri | AC38: Apri | AD38: Apri
A39: TERZA FASCIA | B39: 28.5 | C39: FALSE | E39: Furlanetto A. | F39: Lazio | G39: 1 | H39: Rotazione / riserva | I39: Rotazione / riserva | J39: 24 | K39: Italien | V39: 2 | W39: 6.5 | X39: 5 | Y39: 0 | Z39: 0 | AA39: 0/0 | AB39: Apri | AD39: Apri
A40: TERZA FASCIA | B40: 28.5 | C40: FALSE | E40: Sommariva D. | F40: Genoa | G40: 1 | H40: Rotazione / riserva | I40: Rotazione / riserva | J40: 29 | K40: Italia | L40: Dx | P40: 0 | Q40: 0 | R40: 0 | S40: 0 | T40: 0 | U40: 0/0 | V40: 2 | W40: 5.75 | X40: 3.75 | Y40: 0 | Z40: 0 | AA40: 0/0 | AB40: Apri | AC40: Apri | AD40: Apri
A41: QUARTA FASCIA | B41: 28.3 | C41: FALSE | E41: Sportiello M. | F41: Atalanta | G41: 1 | H41: Rotazione / riserva | I41: Rotazione / riserva | J41: 34 | K41: Italia | L41: Dx | P41: 0 | Q41: 0 | R41: 0 | S41: 0 | T41: 0 | U41: 0/0 | V41: 1 | W41: 5.5 | X41: 4.5 | Y41: 0 | Z41: 0 | AA41: 0/0 | AB41: Apri | AC41: Apri | AD41: Apri
A42: QUARTA FASCIA | B42: 28.3 | C42: FALSE | E42: Di Gennaro R. | F42: Inter | G42: 1 | H42: Rotazione / riserva | I42: Rotazione / riserva | J42: 32 | K42: Italia | L42: Dx | P42: 0 | Q42: 0 | R42: 0 | S42: 0 | T42: 0 | U42: 0/0 | V42: 1 | W42: 6 | X42: 5 | Y42: 0 | Z42: 0 | AA42: 0/0 | AB42: Apri | AC42: Apri | AD42: Apri
A43: QUARTA FASCIA | B43: 28.1 | C43: FALSE | D43: ★ | E43: Desplanches S. | F43: Frosinone | G43: 1 | H43: Rotazione / riserva | I43: Rotazione / riserva · Scommessa Gazzetta | J43: 23 | K43: Italia, Francia | L43: Sx | P43: 0 | Q43: 0 | R43: 0 | S43: 0 | T43: 0 | U43: 0/0 | AB43: Apri | AC43: Apri | AD43: Apri
A44: QUARTA FASCIA | B44: 26.1 | C44: FALSE | E44: Sherri A. | F44: Cagliari | G44: 1 | H44: Rotazione / riserva | I44: Rotazione / riserva | J44: 28 | K44: Albania | L44: Dx | P44: 0 | Q44: 0 | R44: 0 | S44: 0 | T44: 0 | U44: 0/0 | V44: 0 | W44: 0 | X44: 0 | Y44: 0 | Z44: 0 | AA44: 0/0 | AB44: Apri | AC44: Apri | AD44: Apri
A45: QUARTA FASCIA | B45: 26.1 | C45: FALSE | E45: Pozzi A. | F45: Venezia | G45: 1 | H45: Rotazione / riserva | I45: Rotazione / riserva | J45: 25 | K45: Italia | L45: Dx | P45: 0 | Q45: 0 | R45: 0 | S45: 0 | T45: 0 | U45: 0/0 | AB45: Apri | AC45: Apri | AD45: Apri
A46: QUARTA FASCIA | B46: 26.1 | C46: FALSE | E46: Strajnar A. | F46: Monza | G46: 1 | H46: Rotazione / riserva | I46: Rotazione / riserva · Under 23 | J46: 19 | K46: Slovenia | L46: Dx | P46: 0 | Q46: 0 | R46: 0 | S46: 0 | T46: 0 | U46: 0/0 | AB46: Apri | AC46: Apri | AD46: Apri
A47: QUARTA FASCIA | B47: 26.1 | C47: FALSE | E47: Mrozek B. | F47: Udinese | G47: 1 | H47: Rotazione / riserva | I47: Rotazione / riserva | J47: 26 | K47: Polonia | L47: Dx | P47: 0 | Q47: 0 | R47: 0 | S47: 0 | T47: 0 | U47: 0/0 | AB47: Apri | AC47: Apri | AD47: Apri
A48: QUARTA FASCIA | B48: 26.1 | C48: FALSE | E48: Radunovic B. | F48: Cagliari | G48: 1 | H48: Rotazione / riserva | I48: Rotazione / riserva | J48: 30 | K48: Serbia | L48: Dx | P48: 0 | Q48: 0 | R48: 0 | S48: 0 | T48: 0 | U48: 0/0 | V48: 0 | W48: 0 | X48: 0 | Y48: 0 | Z48: 0 | AA48: 0/0 | AB48: Apri | AC48: Apri | AD48: Apri
A49: QUARTA FASCIA | B49: 26.1 | C49: FALSE | E49: Pinsoglio C. | F49: Juventus | G49: 1 | H49: Rotazione / riserva | I49: Rotazione / riserva | J49: 36 | K49: Italia | L49: Sx | P49: 0 | Q49: 0 | R49: 0 | S49: 0 | T49: 0 | U49: 0/0 | V49: 0 | W49: 0 | X49: 0 | Y49: 0 | Z49: 0 | AA49: 0/0 | AB49: Apri | AC49: Apri | AD49: Apri
A50: QUARTA FASCIA | B50: 26.1 | C50: FALSE | E50: Renzetti D. | F50: Lazio | G50: 1 | H50: Rotazione / riserva | I50: Rotazione / riserva · Under 23 | J50: 20 | K50: Italia | L50: Dx | P50: 0 | Q50: 0 | R50: 0 | S50: 0 | T50: 0 | U50: 0/0 | AB50: Apri | AC50: Apri | AD50: Apri
A51: QUARTA FASCIA | B51: 26.1 | C51: FALSE | E51: Vasquez D. | F51: Roma | G51: 1 | H51: Rotazione / riserva | I51: Rotazione / riserva | J51: 28 | K51: Colombia | L51: Dx | V51: 0 | W51: 0 | X51: 0 | Y51: 0 | Z51: 0 | AA51: 0/0 | AB51: Apri | AD51: Apri
A52: QUARTA FASCIA | B52: 26.1 | C52: FALSE | E52: Piana E. | F52: Udinese | G52: 1 | H52: Rotazione / riserva | I52: Rotazione / riserva · Under 23 | J52: 22 | K52: Italia | L52: Dx | P52: 0 | Q52: 0 | R52: 0 | S52: 0 | T52: 0 | U52: 0/0 | AB52: Apri | AC52: Apri | AD52: Apri
A53: QUARTA FASCIA | B53: 26.1 | C53: FALSE | E53: Lolic E. | F53: Frosinone | G53: 1 | H53: Rotazione / riserva | I53: Rotazione / riserva · Under 23 | J53: 22 | K53: Bosnia Erzegovina, Francia | L53: Dx | P53: 0 | Q53: 0 | R53: 0 | S53: 0 | T53: 0 | U53: 0/0 | AB53: Apri | AC53: Apri | AD53: Apri
A54: QUARTA FASCIA | B54: 26.1 | C54: FALSE | E54: Rossi F. | F54: Atalanta | G54: 1 | H54: Rotazione / riserva | I54: Rotazione / riserva | J54: 35 | K54: Italia | L54: Dx | P54: 0 | Q54: 0 | R54: 0 | S54: 0 | T54: 0 | U54: 0/0 | V54: 0 | W54: 0 | X54: 0 | Y54: 0 | Z54: 0 | AA54: 0/0 | AB54: Apri | AC54: Apri | AD54: Apri
A55: QUARTA FASCIA | B55: 26.1 | C55: FALSE | E55: Stolz F. | F55: Genoa | G55: 1 | H55: Rotazione / riserva | I55: Rotazione / riserva | J55: 25 | K55: Austria | L55: Dx | P55: 0 | Q55: 0 | R55: 0 | S55: 0 | T55: 0 | U55: 0/0 | AB55: Apri | AC55: Apri | AD55: Apri
A56: QUARTA FASCIA | B56: 26.1 | C56: FALSE | E56: Satalino G. | F56: Sassuolo | G56: 1 | H56: Rotazione / riserva | I56: Rotazione / riserva | J56: 27 | K56: Italia | L56: Dx | P56: 0 | Q56: 0 | R56: 0 | S56: 0 | T56: 0 | U56: 0/0 | V56: 0 | W56: 0 | X56: 0 | Y56: 0 | Z56: 0 | AA56: 0/0 | AB56: Apri | AC56: Apri | AD56: Apri
A57: QUARTA FASCIA | B57: 26.1 | C57: FALSE | E57: De Marzi G. | F57: Roma | G57: 1 | H57: Rotazione / riserva | I57: Rotazione / riserva · Under 23 | J57: 19 | K57: Stati Uniti, Italia | L57: Dx | P57: 0 | Q57: 0 | R57: 0 | S57: 0 | T57: 0 | U57: 0/0 | AB57: Apri | AC57: Apri | AD57: Apri
A58: QUARTA FASCIA | B58: 26.1 | C58: FALSE | E58: Grabara K. | F58: Juventus | G58: 1 | H58: Rotazione / riserva | I58: Rotazione / riserva | J58: 27 | K58: Polonia | L58: Dx | P58: 0 | Q58: 0 | R58: 0 | S58: 0 | T58: 0 | U58: 0/0 | AB58: Apri | AC58: Apri | AD58: Apri
A59: QUARTA FASCIA | B59: 26.1 | C59: FALSE | E59: Siviero L. | F59: Torino | G59: 1 | H59: Rotazione / riserva | I59: Rotazione / riserva · Under 23 | J59: 19 | K59: Italia | L59: Dx | P59: 0 | Q59: 0 | R59: 0 | S59: 0 | T59: 0 | U59: 0/0 | V59: 0 | W59: 0 | X59: 0 | Y59: 0 | Z59: 0 | AA59: 0/0 | AB59: Apri | AC59: Apri | AD59: Apri
A60: QUARTA FASCIA | B60: 26.1 | C60: FALSE | E60: Torriani L. | F60: Milan | G60: 1 | H60: Rotazione / riserva | I60: Rotazione / riserva · Under 23 | J60: 21 | K60: Italia | L60: Dx | P60: 0 | Q60: 0 | R60: 0 | S60: 0 | T60: 0 | U60: 0/0 | V60: 0 | W60: 0 | X60: 0 | Y60: 0 | Z60: 0 | AA60: 0/0 | AB60: Apri | AC60: Apri | AD60: Apri
A61: QUARTA FASCIA | B61: 26.1 | C61: FALSE | E61: Lezzerini L. | F61: Fiorentina | G61: 1 | H61: Rotazione / riserva | I61: Rotazione / riserva | J61: 31 | K61: Italia | L61: Dx | P61: 0 | Q61: 0 | R61: 0 | S61: 0 | T61: 0 | U61: 0/0 | V61: 0 | W61: 0 | X61: 0 | Y61: 0 | Z61: 0 | AA61: 0/0 | AB61: Apri | AC61: Apri | AD61: Apri
A62: QUARTA FASCIA | B62: 26.1 | C62: FALSE | E62: Bleve M. | F62: Lecce | G62: 1 | H62: Rotazione / riserva | I62: Rotazione / riserva | J62: 30 | K62: Italia | L62: Dx | P62: 0 | Q62: 0 | R62: 0 | S62: 0 | T62: 0 | U62: 0/0 | AB62: Apri | AC62: Apri | AD62: Apri
A63: QUARTA FASCIA | B63: 26.1 | C63: FALSE | E63: Grandi M. | F63: Venezia | G63: 1 | H63: Rotazione / riserva | I63: Rotazione / riserva | J63: 33 | K63: Italia | L63: Dx | P63: 0 | Q63: 0 | R63: 0 | S63: 0 | T63: 0 | U63: 0/0 | AB63: Apri | AC63: Apri | AD63: Apri
A64: QUARTA FASCIA | B64: 26.1 | C64: FALSE | E64: Pisseri M. | F64: Frosinone | G64: 1 | H64: Rotazione / riserva | I64: Rotazione / riserva | J64: 34 | K64: Italia | L64: Dx | P64: 0 | Q64: 0 | R64: 0 | S64: 0 | T64: 0 | U64: 0/0 | AB64: Apri | AC64: Apri | AD64: Apri
A65: QUARTA FASCIA | B65: 26.1 | C65: FALSE | E65: Pittarella M. | F65: Milan | G65: 1 | H65: Rotazione / riserva | I65: Rotazione / riserva · Under 23 | J65: 18 | K65: Italien | AB65: Apri | AD65: Apri
A66: QUARTA FASCIA | B66: 26.1 | C66: FALSE | E66: Vigorito M. | F66: Como | G66: 1 | H66: Rotazione / riserva | I66: Rotazione / riserva | J66: 36 | K66: Italia | L66: Dx | P66: 0 | Q66: 0 | R66: 0 | S66: 0 | T66: 0 | U66: 0/0 | V66: 0 | W66: 0 | X66: 0 | Y66: 0 | Z66: 0 | AA66: 0/0 | AB66: Apri | AC66: Apri | AD66: Apri
A67: QUARTA FASCIA | B67: 26.1 | C67: FALSE | E67: Contini N. | F67: Napoli | G67: 1 | H67: Rotazione / riserva | I67: Rotazione / riserva | J67: 30 | K67: Italia, Ucraina | L67: Dx | P67: 0 | Q67: 0 | R67: 0 | S67: 0 | T67: 0 | U67: 0/0 | V67: 0 | W67: 0 | X67: 0 | Y67: 0 | Z67: 0 | AA67: 0/0 | AB67: Apri | AC67: Apri | AD67: Apri
A68: QUARTA FASCIA | B68: 26.1 | C68: FALSE | E68: Gollini P. | F68: Roma | G68: 1 | H68: Rotazione / riserva | I68: Rotazione / riserva | J68: 31 | K68: Italia | L68: Dx | P68: 0 | Q68: 0 | R68: 0 | S68: 0 | T68: 0 | U68: 0/0 | V68: 0 | W68: 0 | X68: 0 | Y68: 0 | Z68: 0 | AA68: 0/0 | AB68: Apri | AC68: Apri | AD68: Apri
A69: QUARTA FASCIA | B69: 26.1 | C69: FALSE | E69: Pardel P. | F69: Atalanta | G69: 1 | H69: Rotazione / riserva | I69: Rotazione / riserva · Under 23 | J69: 21 | K69: Poland | AB69: Apri | AD69: Apri
A70: QUARTA FASCIA | B70: 26.1 | C70: FALSE | E70: Penev P. | F70: Lecce | G70: 1 | H70: Rotazione / riserva | I70: Rotazione / riserva · Under 23 | J70: 18 | K70: Bulgaria | L70: Sx | P70: 0 | Q70: 0 | R70: 0 | S70: 0 | T70: 0 | U70: 0/0 | AB70: Apri | AC70: Apri | AD70: Apri
A71: QUARTA FASCIA | B71: 26.1 | C71: FALSE | E71: Radu R. | F71: Juventus | G71: 1 | H71: Rotazione / riserva | I71: Rotazione / riserva · Under 23 | J71: 19 | K71: Romania | L71: right | AB71: Apri | AD71: Apri
A72: QUARTA FASCIA | B72: 26.1 | C72: FALSE | E72: Sanchez R. | F72: Como | G72: 1 | H72: Rotazione / riserva | I72: Rotazione / riserva | J72: 28 | K72: Spagna, Inghilterra | L72: Dx | P72: 0 | Q72: 0 | R72: 0 | S72: 0 | T72: 0 | U72: 0/0 | V72: 0 | W72: 0 | X72: 0 | Y72: 0 | Z72: 0 | AA72: 0/0 | AB72: Apri | AC72: Apri | AD72: Apri
A73: QUARTA FASCIA | B73: 26.1 | C73: FALSE | E73: Ghidotti S. | F73: Parma | G73: 1 | H73: Rotazione / riserva | I73: Rotazione / riserva | J73: 26 | K73: Italia | L73: Dx | P73: 0 | Q73: 0 | R73: 0 | S73: 0 | T73: 0 | U73: 0/0 | AB73: Apri | AC73: Apri | AD73: Apri
A74: QUARTA FASCIA | B74: 26.1 | C74: FALSE | E74: Pompei T. | F74: Atalanta | G74: 1 | H74: Rotazione / riserva | I74: Rotazione / riserva · Under 23 | J74: 20 | K74: Italia | L74: Sx | P74: 0 | Q74: 0 | R74: 0 | S74: 0 | T74: 0 | U74: 0/0 | AB74: Apri | AC74: Apri | AD74: Apri
A75: QUARTA FASCIA | B75: 26.1 | C75: FALSE | E75: Happonen U. | F75: Bologna | G75: 1 | H75: Rotazione / riserva | I75: Rotazione / riserva · Under 23 | J75: 19 | K75: Finlandia | L75: Dx | P75: 0 | Q75: 0 | R75: 0 | S75: 0 | T75: 0 | U75: 0/0 | AB75: Apri | AC75: Apri | AD75: Apri
A76: QUARTA FASCIA | B76: 24 | C76: FALSE | E76: Israel F. | F76: Torino | G76: 1 | H76: Rotazione / riserva | I76: Rotazione / riserva · Rischio infortunio · Indisponibile ora | J76: 26 | K76: Uruguay | O76: Da valutare | V76: 9 | W76: 5.83 | X76: 3.78 | Y76: 0 | Z76: 0 | AA76: 0/0 | AB76: Apri | AD76: Apri
A77: TOP | B77: 92.8 | C77: FALSE | E77: Dimarco F. | F77: Inter | G77: 42 | H77: Ballottaggio (Carlos Augusto) | I77: Ballottaggio (Carlos Augusto) · Calci piazzati · Consigliato Gazzetta · Garanzia voto · Portatore di bonus | J77: 28 | K77: Italia | L77: Sx | N77: 2° | P77: 2 | Q77: 6.25 | R77: 6.25 | S77: 0 | T77: 0 | U77: 0/0 | V77: 35 | W77: 6.64 | X77: 7.69 | Y77: 7 | Z77: 17 | AA77: 0/0 | AB77: Apri | AC77: Apri | AD77: Apri
A78: TOP | B78: 92.8 | C78: FALSE | D78: ★★ | E78: Mancini G. | F78: Roma | G78: 36 | H78: Titolare fisso | I78: Titolare fisso · Consigliato Gazzetta · Scommessa Gazzetta · Garanzia voto · Portatore di bonus | J78: 30 | K78: Italia | L78: Dx | P78: 2 | Q78: 6.5 | R78: 7 | S78: 0 | T78: 1 | U78: 0/0 | V78: 36 | W78: 6.31 | X78: 6.57 | Y78: 4 | Z78: 2 | AA78: 0/0 | AB78: Apri | AC78: Apri | AD78: Apri
A79: TOP | B79: 91.1 | C79: FALSE | E79: Bremer | F79: Juventus | G79: 37 | H79: Titolare fisso | I79: Titolare fisso · Consigliato Gazzetta · Portatore di bonus | J79: 29 | K79: Brasile | L79: Dx | P79: 2 | Q79: 6.75 | R79: 8.25 | S79: 1 | T79: 0 | U79: 0/0 | V79: 26 | W79: 6.29 | X79: 6.77 | Y79: 4 | Z79: 3 | AA79: 0/0 | AB79: Apri | AC79: Apri | AD79: Apri
A80: TOP | B80: 91 | C80: FALSE | E80: Wesley | F80: Roma | G80: 37 | H80: Titolare fisso | I80: Titolare fisso · Consigliato Gazzetta · Under 23 · Garanzia voto · Portatore di bonus | J80: 22 | K80: Brasile | L80: Dx | P80: 2 | Q80: 6.75 | R80: 7.25 | S80: 0 | T80: 1 | U80: 0/0 | V80: 30 | W80: 6.17 | X80: 6.52 | Y80: 5 | Z80: 0 | AA80: 0/0 | AB80: Apri | AC80: Apri | AD80: Apri
A81: TOP | B81: 89.5 | C81: FALSE | E81: Bastoni A. | F81: Inter | G81: 34 | H81: Titolare fisso | I81: Titolare fisso · Consigliato Gazzetta · Portatore di bonus | J81: 27 | K81: Italia | L81: Sx | P81: 2 | Q81: 6 | R81: 6 | S81: 0 | T81: 0 | U81: 0/0 | V81: 28 | W81: 6.16 | X81: 6.3 | Y81: 1 | Z81: 4 | AA81: 0/0 | AB81: Apri | AC81: Apri | AD81: Apri
A82: TOP | B82: 89.2 | C82: FALSE | E82: Zappacosta D. | F82: Atalanta | G82: 32 | H82: Titolare fisso | I82: Titolare fisso · Consigliato Gazzetta · Garanzia voto | J82: 34 | K82: Italia | L82: Dx | P82: 2 | Q82: 6.25 | R82: 6.25 | S82: 0 | T82: 0 | U82: 0/0 | V82: 35 | W82: 6.03 | X82: 6.27 | Y82: 3 | Z82: 1 | AA82: 0/0 | AB82: Apri | AC82: Apri | AD82: Apri
A83: TOP | B83: 88.6 | C83: FALSE | D83: ★★ | E83: Ndicka E. | F83: Roma | G83: 31 | H83: Ballottaggio (Ghilardi D.) | I83: Ballottaggio (Ghilardi D.) · Consigliato Gazzetta · Scommessa Gazzetta · Garanzia voto | J83: 27 | K83: Francia, Camerun | L83: Sx | P83: 1 | Q83: 6.5 | R83: 6.5 | S83: 0 | T83: 0 | U83: 0/0 | V83: 31 | W83: 6.15 | X83: 6.39 | Y83: 3 | Z83: 1 | AA83: 0/0 | AB83: Apri | AC83: Apri | AD83: Apri
A84: TOP | B84: 88.5 | C84: FALSE | E84: Kalulu P. | F84: Juventus | G84: 31 | H84: Titolare fisso | I84: Titolare fisso · Consigliato Gazzetta · Garanzia voto · Portatore di bonus | J84: 26 | K84: Francia, Repubblica Democratica del Congo | L84: Dx | P84: 2 | Q84: 6.5 | R84: 6.5 | S84: 0 | T84: 0 | U84: 0/0 | V84: 37 | W84: 6.2 | X84: 6.42 | Y84: 2 | Z84: 4 | AA84: 0/0 | AB84: Apri | AC84: Apri | AD84: Apri
A85: TOP | B85: 88.4 | C85: FALSE | E85: Solet O. | F85: Udinese | G85: 31 | H85: Titolare fisso | I85: Titolare fisso · Consigliato Gazzetta · Garanzia voto | J85: 26 | K85: Francia, Repubblica Centrafricana | L85: Dx | P85: 2 | Q85: 6.25 | R85: 6.25 | S85: 0 | T85: 0 | U85: 0/0 | V85: 35 | W85: 6.26 | X85: 6.47 | Y85: 3 | Z85: 1 | AA85: 1/1 | AB85: Apri | AC85: Apri | AD85: Apri
A86: TOP | B86: 88.2 | C86: FALSE | D86: ★★ | E86: Pavlovic S. | F86: Milan | G86: 34 | H86: Titolare fisso | I86: Titolare fisso · Scommessa Gazzetta · Garanzia voto · Portatore di bonus | J86: 25 | K86: Serbia | L86: Sx | P86: 2 | Q86: 6.5 | R86: 6.25 | S86: 0 | T86: 0 | U86: 0/0 | V86: 34 | W86: 6.28 | X86: 6.66 | Y86: 5 | Z86: 0 | AA86: 0/0 | AB86: Apri | AC86: Apri | AD86: Apri
A87: TOP | B87: 87.3 | C87: FALSE | E87: Di Lorenzo G. | F87: Napoli | G87: 31 | H87: Titolare fisso | I87: Titolare fisso · Consigliato Gazzetta | J87: 33 | K87: Italia | L87: Dx | P87: 2 | Q87: 6 | R87: 5.75 | S87: 0 | T87: 0 | U87: 0/0 | V87: 26 | W87: 6.02 | X87: 6.27 | Y87: 2 | Z87: 1 | AA87: 0/0 | AB87: Apri | AC87: Apri | AD87: Apri
A88: TOP | B88: 86.9 | C88: FALSE | E88: Akanji M. | F88: Inter | G88: 30 | H88: Ballottaggio (Stones J.) | I88: Ballottaggio (Stones J.) · Consigliato Gazzetta · Garanzia voto | J88: 31 | K88: Svizzera, Nigeria | L88: Dx | P88: 2 | Q88: 5.5 | R88: 5.25 | S88: 0 | T88: 0 | U88: 0/0 | V88: 32 | W88: 6.27 | X88: 6.39 | Y88: 2 | Z88: 0 | AA88: 0/0 | AB88: Apri | AC88: Apri | AD88: Apri
A89: TOP | B89: 85.1 | C89: FALSE | D89: ★★ | E89: Hermoso M. | F89: Roma | G89: 25 | H89: Titolare fisso | I89: Titolare fisso · Consigliato Gazzetta · Scommessa Gazzetta · Portatore di bonus | J89: 31 | K89: Spagna | L89: Sx | P89: 2 | Q89: 6.5 | R89: 6.25 | S89: 0 | T89: 0 | U89: 0/0 | V89: 27 | W89: 6.17 | X89: 6.41 | Y89: 3 | Z89: 2 | AA89: 0/0 | AB89: Apri | AC89: Apri | AD89: Apri
A90: TOP | B90: 81.8 | C90: FALSE | E90: Stones J. | F90: Inter | G90: 30 | H90: Ballottaggio (Akanji M.) | I90: Ballottaggio (Akanji M.) · Consigliato Gazzetta · Novità / ritorno in A | J90: 32 | K90: Inghilterra | L90: Dx | P90: 2 | Q90: 6 | R90: 6 | S90: 0 | T90: 0 | U90: 0/0 | AB90: Apri | AC90: Apri | AD90: Apri
A91: TOP | B91: 81.5 | C91: FALSE | E91: Spinazzola L. | F91: Napoli | G91: 27 | H91: Titolare fisso | I91: Titolare fisso · Garanzia voto · Portatore di bonus | J91: 33 | K91: Italia | L91: Dx | P91: 2 | Q91: 5.75 | R91: 5.75 | S91: 0 | T91: 0 | U91: 0/0 | V91: 30 | W91: 6.1 | X91: 6.48 | Y91: 3 | Z91: 3 | AA91: 0/0 | AB91: Apri | AC91: Apri | AD91: Apri
A92: TOP | B92: 80.7 | C92: FALSE | E92: Scalvini G. | F92: Atalanta | G92: 27 | H92: Titolare fisso | I92: Titolare fisso · Under 23 | J92: 22 | K92: Italia | L92: Dx | P92: 2 | Q92: 6 | R92: 6 | S92: 0 | T92: 0 | U92: 0/0 | V92: 24 | W92: 6.04 | X92: 6.42 | Y92: 3 | Z92: 1 | AA92: 0/0 | AB92: Apri | AC92: Apri | AD92: Apri
A93: TOP | B93: 80.2 | C93: FALSE | E93: Cambiaso A. | F93: Juventus | G93: 27 | H93: Titolare probabile | I93: Titolare probabile · Calci piazzati · Consigliato Gazzetta · Portatore di bonus · Rischio infortunio · Indisponibile ora | J93: 26 | K93: Italia | L93: Sx | N93: 3° | O93: Da valutare | P93: 1 | Q93: 5.5 | R93: 5 | S93: 0 | T93: 0 | U93: 0/0 | V93: 36 | W93: 5.79 | X93: 5.97 | Y93: 3 | Z93: 4 | AA93: 0/0 | AB93: Apri | AC93: Apri | AD93: Apri
A94: TOP | B94: 79.8 | C94: FALSE | E94: Ostigard L. | F94: Genoa | G94: 22 | H94: Titolare fisso | I94: Titolare fisso · Consigliato Gazzetta · Garanzia voto · Portatore di bonus | J94: 26 | K94: Norvegia | L94: Dx | P94: 3 | Q94: 5.67 | R94: 5.17 | S94: 0 | T94: 0 | U94: 0/0 | V94: 30 | W94: 6.13 | X94: 6.52 | Y94: 5 | Z94: 0 | AA94: 0/0 | AB94: Apri | AC94: Apri | AD94: Apri
A95: TOP | B95: 79.8 | C95: FALSE | E95: Molina N. | F95: Roma | G95: 29 | H95: Titolare probabile | I95: Titolare probabile · Consigliato Gazzetta · Novità / ritorno in A | J95: 28 | K95: Argentina | L95: Dx | P95: 1 | Q95: 6 | R95: 6 | S95: 0 | T95: 0 | U95: 0/0 | AB95: Apri | AC95: Apri | AD95: Apri
A96: TOP | B96: 79.2 | C96: FALSE | E96: Gila M. | F96: Milan | G96: 23 | H96: Titolare fisso | I96: Titolare fisso · Consigliato Gazzetta · Garanzia voto | J96: 26 | K96: Spagna | L96: Dx | P96: 2 | Q96: 6.5 | R96: 6.5 | S96: 0 | T96: 0 | U96: 0/0 | V96: 31 | W96: 5.95 | X96: 5.87 | Y96: 0 | Z96: 0 | AA96: 0/0 | AB96: Apri | AC96: Apri | AD96: Apri
A97: SEMITOP | B97: 78.7 | C97: FALSE | D97: ★★ | E97: Ramon J. | F97: Como | G97: 25 | H97: Titolare fisso | I97: Titolare fisso · Under 23 · Garanzia voto | J97: 21 | K97: Spagna | L97: Dx | P97: 3 | Q97: 6 | R97: 6 | S97: 0 | T97: 0 | U97: 0/0 | V97: 32 | W97: 6.16 | X97: 6.14 | Y97: 2 | Z97: 0 | AA97: 0/0 | AB97: Apri | AC97: Apri | AD97: Apri
A98: SEMITOP | B98: 78.5 | C98: FALSE | D98: ★★ | E98: Comuzzo P. | F98: Torino | G98: 23 | H98: Titolare fisso | I98: Titolare fisso · Consigliato Gazzetta · Under 23 | J98: 21 | K98: Italia | L98: Dx | P98: 2 | Q98: 6.25 | R98: 7.75 | S98: 1 | T98: 0 | U98: 0/0 | V98: 24 | W98: 5.73 | X98: 5.73 | Y98: 1 | Z98: 0 | AA98: 0/0 | AB98: Apri | AC98: Apri | AD98: Apri
A99: SEMITOP | B99: 78.5 | C99: FALSE | D99: ★★ | E99: Gabriel T. | F99: Lecce | G99: 21 | H99: Ballottaggio (Siebert J.) | I99: Ballottaggio (Siebert J.) · Consigliato Gazzetta · Under 23 · Garanzia voto | J99: 21 | K99: Portogallo | L99: Dx | P99: 2 | Q99: 6 | R99: 7.5 | S99: 1 | T99: 0 | U99: 0/0 | V99: 36 | W99: 6.03 | X99: 6.04 | Y99: 2 | Z99: 0 | AA99: 0/0 | AB99: Apri | AC99: Apri | AD99: Apri
A100: SEMITOP | B100: 77.9 | C100: FALSE | E100: Rrahmani A. | F100: Napoli | G100: 25 | H100: Titolare fisso | I100: Titolare fisso | J100: 32 | K100: Kosovo, Albania | L100: Ambidestro | P100: 2 | Q100: 6 | R100: 6.5 | S100: 0 | T100: 1 | U100: 0/0 | V100: 21 | W100: 6.26 | X100: 6.48 | Y100: 2 | Z100: 0 | AA100: 0/0 | AB100: Apri | AC100: Apri | AD100: Apri
A101: SEMITOP | B101: 77.5 | C101: FALSE | D101: ★★ | E101: Miranda J. | F101: Bologna | G101: 23 | H101: Titolare probabile | I101: Titolare probabile · Calci piazzati · Scommessa Gazzetta · Garanzia voto | J101: 26 | K101: Spagna | L101: Sx | N101: 3° | P101: 1 | Q101: 6 | R101: 6 | S101: 0 | T101: 0 | U101: 0/0 | V101: 31 | W101: 5.94 | X101: 6.03 | Y101: 1 | Z101: 3 | AA101: 0/0 | AB101: Apri | AC101: Apri | AD101: Apri
...

Sheet Portieri
A1: Portieri
A2: 72 portierei — quattro fasce e gerarchie d'asta
A4: Fascia | B4: Score asta | C4: ✓ | D4: Scommessa | E4: Nome | F4: Squadra attuale | G4: Quotazione Gazzetta | H4: Titolarità | I4: Tag | J4: Età | K4: Nazionalità | L4: Piede | M4: Rigorista | N4: Punizioni | O4: Stato fisico / rientro | P4: PG 26/27 | Q4: MV 26/27 | R4: FM 26/27 | S4: Gol 26/27 | T4: Assist 26/27 | U4: Rigori 26/27 | V4: PG 25/26 | W4: MV 25/26 | X4: FM 25/26 | Y4: Gol 25/26 | Z4: Assist 25/26 | AA4: Rigori 25/26 | AB4: Scheda Gazzetta | AC4: Scheda statistiche | AD4: Fonte gerarchie
A5: TOP | B5: 91.3 | C5: FALSE | E5: Svilar M. | F5: Roma | G5: 40 | H5: Titolare fisso | I5: Titolare fisso · Consigliato Gazzetta · Garanzia voto | J5: 27 | K5: Serbia, Belgio | L5: Dx | P5: 2 | Q5: 6.25 | R5: 6.25 | S5: 0 | T5: 0 | U5: 0/0 | V5: 38 | W5: 6.32 | X5: 5.5 | Y5: 0 | Z5: 0 | AA5: 0/0 | AB5: Apri | AC5: Apri | AD5: Apri
A6: TOP | B6: 90.4 | C6: FALSE | E6: Carnesecchi M. | F6: Atalanta | G6: 35 | H6: Titolare fisso | I6: Titolare fisso · Consigliato Gazzetta · Garanzia voto | J6: 26 | K6: Italia | L6: Dx | P6: 2 | Q6: 6.75 | R6: 6.75 | S6: 0 | T6: 1 | U6: 0/0 | V6: 37 | W6: 6.43 | X6: 5.65 | Y6: 0 | Z6: 0 | AA6: 0/0 | AB6: Apri | AC6: Apri | AD6: Apri
A7: TOP | B7: 85.3 | C7: FALSE | E7: Maignan M. | F7: Milan | G7: 34 | H7: Titolare fisso | I7: Titolare fisso · Garanzia voto | J7: 31 | K7: Francia, Guyana Francese | L7: Dx | P7: 2 | Q7: 6 | R7: 5.5 | S7: 0 | T7: 0 | U7: 0/0 | V7: 37 | W7: 6.3 | X7: 5.46 | Y7: 0 | Z7: 0 | AA7: 0/0 | AB7: Apri | AC7: Apri | AD7: Apri
A8: TOP | B8: 84 | C8: FALSE | E8: Martinez J. | F8: Inter | G8: 29 | H8: Titolare fisso | I8: Titolare fisso · Consigliato Gazzetta | J8: 28 | K8: Spagna | L8: Dx | P8: 2 | Q8: 6 | R8: 5.5 | S8: 0 | T8: 0 | U8: 0/0 | V8: 5 | W8: 6 | X8: 5.2 | Y8: 0 | Z8: 0 | AA8: 0/0 | AB8: Apri | AC8: Apri | AD8: Apri
A9: TOP | B9: 83.7 | C9: FALSE | E9: Vicario G. | F9: Juventus | G9: 32 | H9: Titolare fisso | I9: Titolare fisso · Consigliato Gazzetta · Novità / ritorno in A | J9: 29 | K9: Italia | L9: Dx | P9: 2 | Q9: 6.5 | R9: 6.5 | S9: 0 | T9: 0 | U9: 0/0 | AB9: Apri | AC9: Apri | AD9: Apri
A10: TOP | B10: 83.7 | C10: FALSE | E10: Butez J. | F10: Como | G10: 31 | H10: Titolare fisso | I10: Titolare fisso · Garanzia voto | J10: 31 | K10: Francia | L10: Dx | P10: 3 | Q10: 6.17 | R10: 5.17 | S10: 0 | T10: 0 | U10: 0/0 | V10: 38 | W10: 6.11 | X10: 5.41 | Y10: 0 | Z10: 1 | AA10: 0/0 | AB10: Apri | AC10: Apri | AD10: Apri
A11: TOP | B11: 78.2 | C11: FALSE | E11: Skorupski L. | F11: Bologna | G11: 22 | H11: Titolare fisso | I11: Titolare fisso | J11: 35 | K11: Polonia | L11: Dx | P11: 2 | Q11: 5.25 | R11: 4.25 | S11: 0 | T11: 0 | U11: 0/0 | V11: 18 | W11: 6.14 | X11: 5.22 | Y11: 0 | Z11: 0 | AA11: 0/0 | AB11: Apri | AC11: Apri | AD11: Apri
A12: TOP | B12: 77.5 | C12: FALSE | E12: Caprile E. | F12: Cagliari | G12: 21 | H12: Titolare fisso | I12: Titolare fisso · Garanzia voto | J12: 25 | K12: Italia | L12: Dx | P12: 2 | Q12: 6.5 | R12: 6 | S12: 0 | T12: 0 | U12: 0/0 | V12: 38 | W12: 6.29 | X12: 4.87 | Y12: 0 | Z12: 0 | AA12: 0/0 | AB12: Apri | AC12: Apri | AD12: Apri
A13: SEMITOP | B13: 77.4 | C13: FALSE | E13: Mandas C. | F13: Lazio | G13: 29 | H13: Titolare fisso | I13: Titolare fisso · Novità / ritorno in A | J13: 24 | K13: Grecia | L13: Dx | P13: 2 | Q13: 6.5 | R13: 6.5 | S13: 0 | T13: 0 | U13: 0/0 | V13: 0 | W13: 0 | X13: 0 | Y13: 0 | Z13: 0 | AA13: 0/0 | AB13: Apri | AC13: Apri | AD13: Apri
A14: SEMITOP | B14: 75.1 | C14: FALSE | E14: Meret A. | F14: Napoli | G14: 15 | H14: Titolare fisso | I14: Titolare fisso · Consigliato Gazzetta | J14: 29 | K14: Italia | L14: Sx | P14: 2 | Q14: 6 | R14: 5 | S14: 0 | T14: 0 | U14: 0/0 | V14: 11 | W14: 6.18 | X14: 5.14 | Y14: 0 | Z14: 1 | AA14: 0/0 | AB14: Apri | AC14: Apri | AD14: Apri
A15: SEMITOP | B15: 75.1 | C15: FALSE | E15: Bijlow J. | F15: Genoa | G15: 17 | H15: Titolare fisso | I15: Titolare fisso | J15: 28 | K15: Olanda | L15: Dx | P15: 3 | Q15: 5.33 | R15: 3 | S15: 0 | T15: 0 | U15: 0/0 | V15: 16 | W15: 6.09 | X15: 4.81 | Y15: 0 | Z15: 0 | AA15: 0/0 | AB15: Apri | AC15: Apri | AD15: Apri
A16: SEMITOP | B16: 74.3 | C16: FALSE | E16: Okoye M. | F16: Udinese | G16: 16 | H16: Titolare fisso | I16: Titolare fisso · Garanzia voto | J16: 27 | K16: Nigeria, Germania | L16: Dx | P16: 2 | Q16: 6.25 | R16: 4.75 | S16: 0 | T16: 0 | U16: 0/0 | V16: 30 | W16: 6.08 | X16: 5.1 | Y16: 0 | Z16: 1 | AA16: 0/0 | AB16: Apri | AC16: Apri | AD16: Apri
A17: SEMITOP | B17: 73.5 | C17: FALSE | D17: ★★ | E17: Perri L. | F17: Torino | G17: 22 | H17: Titolare probabile | I17: Titolare probabile · Scommessa Gazzetta · Novità / ritorno in A | J17: 28 | K17: Brasile, Italia | L17: Dx | P17: 0 | Q17: 0 | R17: 0 | S17: 0 | T17: 0 | U17: 0/0 | AB17: Apri | AC17: Apri | AD17: Apri
A18: SEMITOP | B18: 72.5 | C18: FALSE | E18: Falcone W. | F18: Lecce | G18: 15 | H18: Titolare fisso | I18: Titolare fisso · Garanzia voto | J18: 31 | K18: Italia | L18: Dx | P18: 2 | Q18: 6.25 | R18: 4.25 | S18: 0 | T18: 0 | U18: 0/0 | V18: 38 | W18: 6.45 | X18: 5.26 | Y18: 0 | Z18: 0 | AA18: 0/0 | AB18: Apri | AC18: Apri | AD18: Apri
A19: SEMITOP | B19: 72.3 | C19: FALSE | E19: De Gea D. | F19: Fiorentina | G19: 15 | H19: Titolare fisso | I19: Titolare fisso · Garanzia voto | J19: 35 | K19: Spagna | L19: Dx | P19: 2 | Q19: 5 | R19: 1.5 | S19: 0 | T19: 0 | U19: 0/0 | V19: 37 | W19: 6.22 | X19: 4.97 | Y19: 0 | Z19: 0 | AA19: 0/0 | AB19: Apri | AC19: Apri | AD19: Apri
A20: SEMITOP | B20: 72.1 | C20: FALSE | E20: Muric A. | F20: Sassuolo | G20: 15 | H20: Titolare fisso | I20: Titolare fisso · Garanzia voto | J20: 27 | K20: Kosovo, Montenegro | L20: Dx | P20: 2 | Q20: 6.5 | R20: 5 | S20: 0 | T20: 0 | U20: 0/0 | V20: 32 | W20: 6.06 | X20: 4.75 | Y20: 0 | Z20: 0 | AA20: 0/0 | AB20: Apri | AC20: Apri | AD20: Apri
A21: SEMITOP | B21: 70.9 | C21: FALSE | E21: Milinkovic Savic V. | F21: Napoli | G21: 28 | H21: Rotazione / riserva | I21: Rotazione / riserva · Consigliato Gazzetta | J21: 29 | K21: Serbia, Spagna | L21: Dx | P21: 0 | Q21: 0 | R21: 0 | S21: 0 | T21: 0 | U21: 0/0 | V21: 27 | W21: 6.17 | X21: 5.61 | Y21: 0 | Z21: 0 | AA21: 0/0 | AB21: Apri | AC21: Apri | AD21: Apri
A22: SEMITOP | B22: 67.6 | C22: FALSE | D22: ★★★ | E22: Palmisani L. | F22: Frosinone | G22: 14 | H22: Titolare fisso | I22: Titolare fisso · Scommessa Gazzetta · Under 23 · Novità / ritorno in A | J22: 22 | K22: Italia | L22: Dx | P22: 2 | Q22: 6.25 | R22: 5.75 | S22: 0 | T22: 0 | U22: 0/0 | AB22: Apri | AC22: Apri | AD22: Apri
A23: TERZA FASCIA | B23: 64.6 | C23: FALSE | E23: Stankovic F. | F23: Venezia | G23: 11 | H23: Titolare fisso | I23: Titolare fisso · Novità / ritorno in A | J23: 24 | K23: Serbia | L23: Dx | P23: 2 | Q23: 6 | R23: 4 | S23: 0 | T23: 0 | U23: 0/0 | AB23: Apri | AC23: Apri | AD23: Apri
A24: TERZA FASCIA | B24: 62.5 | C24: FALSE | E24: Paleari A. | F24: Torino | G24: 17 | H24: Rotazione / riserva | I24: Rotazione / riserva | J24: 34 | K24: Italia | L24: Dx | P24: 0 | Q24: 0 | R24: 0 | S24: 0 | T24: 0 | U24: 0/0 | V24: 29 | W24: 6.12 | X24: 4.55 | Y24: 0 | Z24: 0 | AA24: 0/0 | AB24: Apri | AC24: Apri | AD24: Apri
A25: TERZA FASCIA | B25: 52.2 | C25: FALSE | E25: Thiam D. | F25: Monza | G25: 7 | H25: Ballottaggio (Tornqvist N.) | I25: Ballottaggio (Tornqvist N.) · Novità / ritorno in A | J25: 28 | K25: Senegal | L25: Dx | P25: 1 | Q25: 4.5 | R25: 1.5 | S25: 0 | T25: 0 | U25: 0/0 | AB25: Apri | AC25: Apri | AD25: Apri
A26: TERZA FASCIA | B26: 36.1 | C26: FALSE | D26: ★ | E26: Daffara G. | F26: Parma | G26: 1 | H26: Titolare probabile | I26: Titolare probabile · Under 23 | J26: 21 | K26: Italia | L26: Dx | P26: 0 | Q26: 0 | R26: 0 | S26: 0 | T26: 0 | U26: 0/0 | AB26: Apri | AC26: Apri | AD26: Apri
A27: TERZA FASCIA | B27: 36.1 | C27: FALSE | E27: Tornqvist N. | F27: Monza | G27: 1 | H27: Ballottaggio (Thiam D.) | I27: Ballottaggio (Thiam D.) | J27: 24 | K27: Svezia | L27: Sx | P27: 0 | Q27: 0 | R27: 0 | S27: 0 | T27: 0 | U27: 0/0 | V27: 0 | W27: 0 | X27: 0 | Y27: 0 | Z27: 0 | AA27: 0/0 | AB27: Apri | AC27: Apri | AD27: Apri
A28: TERZA FASCIA | B28: 32.7 | C28: FALSE | E28: Corvi E. | F28: Parma | G28: 1 | H28: Rotazione / riserva | I28: Rotazione / riserva | J28: 25 | K28: Italia | L28: Dx | P28: 2 | Q28: 6.25 | R28: 4.75 | S28: 0 | T28: 0 | U28: 0/0 | V28: 17 | W28: 6.24 | X28: 5.15 | Y28: 0 | Z28: 0 | AA28: 0/0 | AB28: Apri | AC28: Apri | AD28: Apri
A29: TERZA FASCIA | B29: 30.4 | C29: FALSE | E29: Montipo L. | F29: Venezia | G29: 1 | H29: Rotazione / riserva | I29: Rotazione / riserva · Garanzia voto | J29: 30 | K29: Italia | L29: Dx | P29: 0 | Q29: 0 | R29: 0 | S29: 0 | T29: 0 | U29: 0/0 | V29: 35 | W29: 6.14 | X29: 4.89 | Y29: 0 | Z29: 1 | AA29: 0/0 | AB29: Apri | AC29: Apri | AD29: Apri
A30: TERZA FASCIA | B30: 29.9 | C30: FALSE | E30: Provedel I. | F30: Inter | G30: 1 | H30: Rotazione / riserva | I30: Rotazione / riserva | J30: 32 | K30: Italia | L30: Dx | P30: 0 | Q30: 0 | R30: 0 | S30: 0 | T30: 0 | U30: 0/0 | V30: 27 | W30: 6.28 | X30: 5.37 | Y30: 0 | Z30: 0 | AA30: 0/0 | AB30: Apri | AC30: Apri | AD30: Apri
A31: TERZA FASCIA | B31: 29.6 | C31: FALSE | E31: Mazzocchi A. | F31: Parma | G31: 1 | H31: Rotazione / riserva | I31: Rotazione / riserva · Under 23 | J31: 18 | K31: Italien | V31: 9 | W31: 5.83 | X31: 5.83 | Y31: 0 | Z31: 1 | AA31: 0/0 | AB31: Apri | AD31: Apri
A32: TERZA FASCIA | B32: 29.4 | C32: FALSE | E32: Christensen O. | F32: Fiorentina | G32: 1 | H32: Rotazione / riserva | I32: Rotazione / riserva | J32: 27 | K32: Danimarca | L32: Dx | P32: 0 | Q32: 0 | R32: 0 | S32: 0 | T32: 0 | U32: 0/0 | V32: 1 | W32: 7.5 | X32: 6.5 | Y32: 0 | Z32: 0 | AA32: 0/0 | AB32: Apri | AC32: Apri | AD32: Apri
A33: TERZA FASCIA | B33: 29.2 | C33: FALSE | E33: Terracciano P. | F33: Milan | G33: 1 | H33: Rotazione / riserva | I33: Rotazione / riserva | J33: 36 | K33: Italia | L33: Dx | P33: 0 | Q33: 0 | R33: 0 | S33: 0 | T33: 0 | U33: 0/0 | V33: 2 | W33: 6 | X33: 6 | Y33: 0 | Z33: 0 | AA33: 0/0 | AB33: Apri | AC33: Apri | AD33: Apri
A34: TERZA FASCIA | B34: 29.1 | C34: FALSE | E34: Mascardi D. | F34: Torino | G34: 1 | H34: Rotazione / riserva | I34: Rotazione / riserva · Under 23 | J34: 19 | K34: Italia | L34: Dx | P34: 2 | Q34: 6 | R34: 4 | S34: 0 | T34: 0 | U34: 0/0 | AB34: Apri | AC34: Apri | AD34: Apri
A35: TERZA FASCIA | B35: 29 | C35: FALSE | E35: Motta E. | F35: Lazio | G35: 1 | H35: Rotazione / riserva | I35: Rotazione / riserva · Under 23 | J35: 21 | K35: Italia | L35: Dx | P35: 0 | Q35: 0 | R35: 0 | S35: 0 | T35: 0 | U35: 0/0 | V35: 9 | W35: 6 | X35: 5.17 | Y35: 0 | Z35: 0 | AA35: 0/0 | AB35: Apri | AC35: Apri | AD35: Apri
A36: TERZA FASCIA | B36: 28.9 | C36: FALSE | E36: Pessina M. | F36: Bologna | G36: 1 | H36: Rotazione / riserva | I36: Rotazione / riserva · Under 23 | J36: 18 | K36: Bologna | L36: Dx | P36: 0 | Q36: 0 | R36: 0 | S36: 0 | T36: 0 | U36: 0/0 | V36: 4 | W36: 6.12 | X36: 5.62 | Y36: 0 | Z36: 0 | AA36: 0/0 | AB36: Apri | AC36: Apri | AD36: Apri
A37: TERZA FASCIA | B37: 28.8 | C37: FALSE | E37: Turati S. | F37: Sassuolo | G37: 1 | H37: Rotazione / riserva | I37: Rotazione / riserva | J37: 25 | K37: Italia | L37: Dx | P37: 0 | Q37: 0 | R37: 0 | S37: 0 | T37: 0 | U37: 0/0 | V37: 6 | W37: 6.25 | X37: 5.08 | Y37: 0 | Z37: 0 | AA37: 0/0 | AB37: Apri | AC37: Apri | AD37: Apri
A38: TERZA FASCIA | B38: 28.6 | C38: FALSE | E38: Padelli D. | F38: Udinese | G38: 1 | H38: Rotazione / riserva | I38: Rotazione / riserva | J38: 40 | K38: Italia | L38: Dx | P38: 0 | Q38: 0 | R38: 0 | S38: 0 | T38: 0 | U38: 0/0 | V38: 2 | W38: 6.25 | X38: 5.25 | Y38: 0 | Z38: 0 | AA38: 0/0 | AB38: Apri | AC38: Apri | AD38: Apri
A39: TERZA FASCIA | B39: 28.5 | C39: FALSE | E39: Furlanetto A. | F39: Lazio | G39: 1 | H39: Rotazione / riserva | I39: Rotazione / riserva | J39: 24 | K39: Italien | V39: 2 | W39: 6.5 | X39: 5 | Y39: 0 | Z39: 0 | AA39: 0/0 | AB39: Apri | AD39: Apri
A40: TERZA FASCIA | B40: 28.5 | C40: FALSE | E40: Sommariva D. | F40: Genoa | G40: 1 | H40: Rotazione / riserva | I40: Rotazione / riserva | J40: 29 | K40: Italia | L40: Dx | P40: 0 | Q40: 0 | R40: 0 | S40: 0 | T40: 0 | U40: 0/0 | V40: 2 | W40: 5.75 | X40: 3.75 | Y40: 0 | Z40: 0 | AA40: 0/0 | AB40: Apri | AC40: Apri | AD40: Apri
A41: QUARTA FASCIA | B41: 28.3 | C41: FALSE | E41: Sportiello M. | F41: Atalanta | G41: 1 | H41: Rotazione / riserva | I41: Rotazione / riserva | J41: 34 | K41: Italia | L41: Dx | P41: 0 | Q41: 0 | R41: 0 | S41: 0 | T41: 0 | U41: 0/0 | V41: 1 | W41: 5.5 | X41: 4.5 | Y41: 0 | Z41: 0 | AA41: 0/0 | AB41: Apri | AC41: Apri | AD41: Apri
A42: QUARTA FASCIA | B42: 28.3 | C42: FALSE | E42: Di Gennaro R. | F42: Inter | G42: 1 | H42: Rotazione / riserva | I42: Rotazione / riserva | J42: 32 | K42: Italia | L42: Dx | P42: 0 | Q42: 0 | R42: 0 | S42: 0 | T42: 0 | U42: 0/0 | V42: 1 | W42: 6 | X42: 5 | Y42: 0 | Z42: 0 | AA42: 0/0 | AB42: Apri | AC42: Apri | AD42: Apri
A43: QUARTA FASCIA | B43: 28.1 | C43: FALSE | D43: ★ | E43: Desplanches S. | F43: Frosinone | G43: 1 | H43: Rotazione / riserva | I43: Rotazione / riserva · Scommessa Gazzetta | J43: 23 | K43: Italia, Francia | L43: Sx | P43: 0 | Q43: 0 | R43: 0 | S43: 0 | T43: 0 | U43: 0/0 | AB43: Apri | AC43: Apri | AD43: Apri
A44: QUARTA FASCIA | B44: 26.1 | C44: FALSE | E44: Sherri A. | F44: Cagliari | G44: 1 | H44: Rotazione / riserva | I44: Rotazione / riserva | J44: 28 | K44: Albania | L44: Dx | P44: 0 | Q44: 0 | R44: 0 | S44: 0 | T44: 0 | U44: 0/0 | V44: 0 | W44: 0 | X44: 0 | Y44: 0 | Z44: 0 | AA44: 0/0 | AB44: Apri | AC44: Apri | AD44: Apri
A45: QUARTA FASCIA | B45: 26.1 | C45: FALSE | E45: Pozzi A. | F45: Venezia | G45: 1 | H45: Rotazione / riserva | I45: Rotazione / riserva | J45: 25 | K45: Italia | L45: Dx | P45: 0 | Q45: 0 | R45: 0 | S45: 0 | T45: 0 | U45: 0/0 | AB45: Apri | AC45: Apri | AD45: Apri
A46: QUARTA FASCIA | B46: 26.1 | C46: FALSE | E46: Strajnar A. | F46: Monza | G46: 1 | H46: Rotazione / riserva | I46: Rotazione / riserva · Under 23 | J46: 19 | K46: Slovenia | L46: Dx | P46: 0 | Q46: 0 | R46: 0 | S46: 0 | T46: 0 | U46: 0/0 | AB46: Apri | AC46: Apri | AD46: Apri
A47: QUARTA FASCIA | B47: 26.1 | C47: FALSE | E47: Mrozek B. | F47: Udinese | G47: 1 | H47: Rotazione / riserva | I47: Rotazione / riserva | J47: 26 | K47: Polonia | L47: Dx | P47: 0 | Q47: 0 | R47: 0 | S47: 0 | T47: 0 | U47: 0/0 | AB47: Apri | AC47: Apri | AD47: Apri
A48: QUARTA FASCIA | B48: 26.1 | C48: FALSE | E48: Radunovic B. | F48: Cagliari | G48: 1 | H48: Rotazione / riserva | I48: Rotazione / riserva | J48: 30 | K48: Serbia | L48: Dx | P48: 0 | Q48: 0 | R48: 0 | S48: 0 | T48: 0 | U48: 0/0 | V48: 0 | W48: 0 | X48: 0 | Y48: 0 | Z48: 0 | AA48: 0/0 | AB48: Apri | AC48: Apri | AD48: Apri
A49: QUARTA FASCIA | B49: 26.1 | C49: FALSE | E49: Pinsoglio C. | F49: Juventus | G49: 1 | H49: Rotazione / riserva | I49: Rotazione / riserva | J49: 36 | K49: Italia | L49: Sx | P49: 0 | Q49: 0 | R49: 0 | S49: 0 | T49: 0 | U49: 0/0 | V49: 0 | W49: 0 | X49: 0 | Y49: 0 | Z49: 0 | AA49: 0/0 | AB49: Apri | AC49: Apri | AD49: Apri
A50: QUARTA FASCIA | B50: 26.1 | C50: FALSE | E50: Renzetti D. | F50: Lazio | G50: 1 | H50: Rotazione / riserva | I50: Rotazione / riserva · Under 23 | J50: 20 | K50: Italia | L50: Dx | P50: 0 | Q50: 0 | R50: 0 | S50: 0 | T50: 0 | U50: 0/0 | AB50: Apri | AC50: Apri | AD50: Apri
A51: QUARTA FASCIA | B51: 26.1 | C51: FALSE | E51: Vasquez D. | F51: Roma | G51: 1 | H51: Rotazione / riserva | I51: Rotazione / riserva | J51: 28 | K51: Colombia | L51: Dx | V51: 0 | W51: 0 | X51: 0 | Y51: 0 | Z51: 0 | AA51: 0/0 | AB51: Apri | AD51: Apri
A52: QUARTA FASCIA | B52: 26.1 | C52: FALSE | E52: Piana E. | F52: Udinese | G52: 1 | H52: Rotazione / riserva | I52: Rotazione / riserva · Under 23 | J52: 22 | K52: Italia | L52: Dx | P52: 0 | Q52: 0 | R52: 0 | S52: 0 | T52: 0 | U52: 0/0 | AB52: Apri | AC52: Apri | AD52: Apri
A53: QUARTA FASCIA | B53: 26.1 | C53: FALSE | E53: Lolic E. | F53: Frosinone | G53: 1 | H53: Rotazione / riserva | I53: Rotazione / riserva · Under 23 | J53: 22 | K53: Bosnia Erzegovina, Francia | L53: Dx | P53: 0 | Q53: 0 | R53: 0 | S53: 0 | T53: 0 | U53: 0/0 | AB53: Apri | AC53: Apri | AD53: Apri
A54: QUARTA FASCIA | B54: 26.1 | C54: FALSE | E54: Rossi F. | F54: Atalanta | G54: 1 | H54: Rotazione / riserva | I54: Rotazione / riserva | J54: 35 | K54: Italia | L54: Dx | P54: 0 | Q54: 0 | R54: 0 | S54: 0 | T54: 0 | U54: 0/0 | V54: 0 | W54: 0 | X54: 0 | Y54: 0 | Z54: 0 | AA54: 0/0 | AB54: Apri | AC54: Apri | AD54: Apri
A55: QUARTA FASCIA | B55: 26.1 | C55: FALSE | E55: Stolz F. | F55: Genoa | G55: 1 | H55: Rotazione / riserva | I55: Rotazione / riserva | J55: 25 | K55: Austria | L55: Dx | P55: 0 | Q55: 0 | R55: 0 | S55: 0 | T55: 0 | U55: 0/0 | AB55: Apri | AC55: Apri | AD55: Apri
A56: QUARTA FASCIA | B56: 26.1 | C56: FALSE | E56: Satalino G. | F56: Sassuolo | G56: 1 | H56: Rotazione / riserva | I56: Rotazione / riserva | J56: 27 | K56: Italia | L56: Dx | P56: 0 | Q56: 0 | R56: 0 | S56: 0 | T56: 0 | U56: 0/0 | V56: 0 | W56: 0 | X56: 0 | Y56: 0 | Z56: 0 | AA56: 0/0 | AB56: Apri | AC56: Apri | AD56: Apri
A57: QUARTA FASCIA | B57: 26.1 | C57: FALSE | E57: De Marzi G. | F57: Roma | G57: 1 | H57: Rotazione / riserva | I57: Rotazione / riserva · Under 23 | J57: 19 | K57: Stati Uniti, Italia | L57: Dx | P57: 0 | Q57: 0 | R57: 0 | S57: 0 | T57: 0 | U57: 0/0 | AB57: Apri | AC57: Apri | AD57: Apri
A58: QUARTA FASCIA | B58: 26.1 | C58: FALSE | E58: Grabara K. | F58: Juventus | G58: 1 | H58: Rotazione / riserva | I58: Rotazione / riserva | J58: 27 | K58: Polonia | L58: Dx | P58: 0 | Q58: 0 | R58: 0 | S58: 0 | T58: 0 | U58: 0/0 | AB58: Apri | AC58: Apri | AD58: Apri
A59: QUARTA FASCIA | B59: 26.1 | C59: FALSE | E59: Siviero L. | F59: Torino | G59: 1 | H59: Rotazione / riserva | I59: Rotazione / riserva · Under 23 | J59: 19 | K59: Italia | L59: Dx | P59: 0 | Q59: 0 | R59: 0 | S59: 0 | T59: 0 | U59: 0/0 | V59: 0 | W59: 0 | X59: 0 | Y59: 0 | Z59: 0 | AA59: 0/0 | AB59: Apri | AC59: Apri | AD59: Apri
A60: QUARTA FASCIA | B60: 26.1 | C60: FALSE | E60: Torriani L. | F60: Milan | G60: 1 | H60: Rotazione / riserva | I60: Rotazione / riserva · Under 23 | J60: 21 | K60: Italia | L60: Dx | P60: 0 | Q60: 0 | R60: 0 | S60: 0 | T60: 0 | U60: 0/0 | V60: 0 | W60: 0 | X60: 0 | Y60: 0 | Z60: 0 | AA60: 0/0 | AB60: Apri | AC60: Apri | AD60: Apri
A61: QUARTA FASCIA | B61: 26.1 | C61: FALSE | E61: Lezzerini L. | F61: Fiorentina | G61: 1 | H61: Rotazione / riserva | I61: Rotazione / riserva | J61: 31 | K61: Italia | L61: Dx | P61: 0 | Q61: 0 | R61: 0 | S61: 0 | T61: 0 | U61: 0/0 | V61: 0 | W61: 0 | X61: 0 | Y61: 0 | Z61: 0 | AA61: 0/0 | AB61: Apri | AC61: Apri | AD61: Apri
A62: QUARTA FASCIA | B62: 26.1 | C62: FALSE | E62: Bleve M. | F62: Lecce | G62: 1 | H62: Rotazione / riserva | I62: Rotazione / riserva | J62: 30 | K62: Italia | L62: Dx | P62: 0 | Q62: 0 | R62: 0 | S62: 0 | T62: 0 | U62: 0/0 | AB62: Apri | AC62: Apri | AD62: Apri
A63: QUARTA FASCIA | B63: 26.1 | C63: FALSE | E63: Grandi M. | F63: Venezia | G63: 1 | H63: Rotazione / riserva | I63: Rotazione / riserva | J63: 33 | K63: Italia | L63: Dx | P63: 0 | Q63: 0 | R63: 0 | S63: 0 | T63: 0 | U63: 0/0 | AB63: Apri | AC63: Apri | AD63: Apri
A64: QUARTA FASCIA | B64: 26.1 | C64: FALSE | E64: Pisseri M. | F64: Frosinone | G64: 1 | H64: Rotazione / riserva | I64: Rotazione / riserva | J64: 34 | K64: Italia | L64: Dx | P64: 0 | Q64: 0 | R64: 0 | S64: 0 | T64: 0 | U64: 0/0 | AB64: Apri | AC64: Apri | AD64: Apri
A65: QUARTA FASCIA | B65: 26.1 | C65: FALSE | E65: Pittarella M. | F65: Milan | G65: 1 | H65: Rotazione / riserva | I65: Rotazione / riserva · Under 23 | J65: 18 | K65: Italien | AB65: Apri | AD65: Apri
A66: QUARTA FASCIA | B66: 26.1 | C66: FALSE | E66: Vigorito M. | F66: Como | G66: 1 | H66: Rotazione / riserva | I66: Rotazione / riserva | J66: 36 | K66: Italia | L66: Dx | P66: 0 | Q66: 0 | R66: 0 | S66: 0 | T66: 0 | U66: 0/0 | V66: 0 | W66: 0 | X66: 0 | Y66: 0 | Z66: 0 | AA66: 0/0 | AB66: Apri | AC66: Apri | AD66: Apri
A67: QUARTA FASCIA | B67: 26.1 | C67: FALSE | E67: Contini N. | F67: Napoli | G67: 1 | H67: Rotazione / riserva | I67: Rotazione / riserva | J67: 30 | K67: Italia, Ucraina | L67: Dx | P67: 0 | Q67: 0 | R67: 0 | S67: 0 | T67: 0 | U67: 0/0 | V67: 0 | W67: 0 | X67: 0 | Y67: 0 | Z67: 0 | AA67: 0/0 | AB67: Apri | AC67: Apri | AD67: Apri
A68: QUARTA FASCIA | B68: 26.1 | C68: FALSE | E68: Gollini P. | F68: Roma | G68: 1 | H68: Rotazione / riserva | I68: Rotazione / riserva | J68: 31 | K68: Italia | L68: Dx | P68: 0 | Q68: 0 | R68: 0 | S68: 0 | T68: 0 | U68: 0/0 | V68: 0 | W68: 0 | X68: 0 | Y68: 0 | Z68: 0 | AA68: 0/0 | AB68: Apri | AC68: Apri | AD68: Apri
A69: QUARTA FASCIA | B69: 26.1 | C69: FALSE | E69: Pardel P. | F69: Atalanta | G69: 1 | H69: Rotazione / riserva | I69: Rotazione / riserva · Under 23 | J69: 21 | K69: Poland | AB69: Apri | AD69: Apri
A70: QUARTA FASCIA | B70: 26.1 | C70: FALSE | E70: Penev P. | F70: Lecce | G70: 1 | H70: Rotazione / riserva | I70: Rotazione / riserva · Under 23 | J70: 18 | K70: Bulgaria | L70: Sx | P70: 0 | Q70: 0 | R70: 0 | S70: 0 | T70: 0 | U70: 0/0 | AB70: Apri | AC70: Apri | AD70: Apri
A71: QUARTA FASCIA | B71: 26.1 | C71: FALSE | E71: Radu R. | F71: Juventus | G71: 1 | H71: Rotazione / riserva | I71: Rotazione / riserva · Under 23 | J71: 19 | K71: Romania | L71: right | AB71: Apri | AD71: Apri
A72: QUARTA FASCIA | B72: 26.1 | C72: FALSE | E72: Sanchez R. | F72: Como | G72: 1 | H72: Rotazione / riserva | I72: Rotazione / riserva | J72: 28 | K72: Spagna, Inghilterra | L72: Dx | P72: 0 | Q72: 0 | R72: 0 | S72: 0 | T72: 0 | U72: 0/0 | V72: 0 | W72: 0 | X72: 0 | Y72: 0 | Z72: 0 | AA72: 0/0 | AB72: Apri | AC72: Apri | AD72: Apri
A73: QUARTA FASCIA | B73: 26.1 | C73: FALSE | E73: Ghidotti S. | F73: Parma | G73: 1 | H73: Rotazione / riserva | I73: Rotazione / riserva | J73: 26 | K73: Italia | L73: Dx | P73: 0 | Q73: 0 | R73: 0 | S73: 0 | T73: 0 | U73: 0/0 | AB73: Apri | AC73: Apri | AD73: Apri
A74: QUARTA FASCIA | B74: 26.1 | C74: FALSE | E74: Pompei T. | F74: Atalanta | G74: 1 | H74: Rotazione / riserva | I74: Rotazione / riserva · Under 23 | J74: 20 | K74: Italia | L74: Sx | P74: 0 | Q74: 0 | R74: 0 | S74: 0 | T74: 0 | U74: 0/0 | AB74: Apri | AC74: Apri | AD74: Apri
A75: QUARTA FASCIA | B75: 26.1 | C75: FALSE | E75: Happonen U. | F75: Bologna | G75: 1 | H75: Rotazione / riserva | I75: Rotazione / riserva · Under 23 | J75: 19 | K75: Finlandia | L75: Dx | P75: 0 | Q75: 0 | R75: 0 | S75: 0 | T75: 0 | U75: 0/0 | AB75: Apri | AC75: Apri | AD75: Apri
A76: QUARTA FASCIA | B76: 24 | C76: FALSE | E76: Israel F. | F76: Torino | G76: 1 | H76: Rotazione / riserva | I76: Rotazione / riserva · Rischio infortunio · Indisponibile ora | J76: 26 | K76: Uruguay | O76: Da valutare | V76: 9 | W76: 5.83 | X76: 3.78 | Y76: 0 | Z76: 0 | AA76: 0/0 | AB76: Apri | AD76: Apri

Sheet Difensori
A1: Difensori
A2: 199 difensorei — quattro fasce e gerarchie d'asta
A4: Fascia | B4: Score asta | C4: ✓ | D4: Scommessa | E4: Nome | F4: Squadra attuale | G4: Quotazione Gazzetta | H4: Titolarità | I4: Tag | J4: Età | K4: Nazionalità | L4: Piede | M4: Rigorista | N4: Punizioni | O4: Stato fisico / rientro | P4: PG 26/27 | Q4: MV 26/27 | R4: FM 26/27 | S4: Gol 26/27 | T4: Assist 26/27 | U4: Rigori 26/27 | V4: PG 25/26 | W4: MV 25/26 | X4: FM 25/26 | Y4: Gol 25/26 | Z4: Assist 25/26 | AA4: Rigori 25/26 | AB4: Scheda Gazzetta | AC4: Scheda statistiche | AD4: Fonte gerarchie
A5: TOP | B5: 92.8 | C5: FALSE | E5: Dimarco F. | F5: Inter | G5: 42 | H5: Ballottaggio (Carlos Augusto) | I5: Ballottaggio (Carlos Augusto) · Calci piazzati · Consigliato Gazzetta · Garanzia voto · Portatore di bonus | J5: 28 | K5: Italia | L5: Sx | N5: 2° | P5: 2 | Q5: 6.25 | R5: 6.25 | S5: 0 | T5: 0 | U5: 0/0 | V5: 35 | W5: 6.64 | X5: 7.69 | Y5: 7 | Z5: 17 | AA5: 0/0 | AB5: Apri | AC5: Apri | AD5: Apri
A6: TOP | B6: 92.8 | C6: FALSE | D6: ★★ | E6: Mancini G. | F6: Roma | G6: 36 | H6: Titolare fisso | I6: Titolare fisso · Consigliato Gazzetta · Scommessa Gazzetta · Garanzia voto · Portatore di bonus | J6: 30 | K6: Italia | L6: Dx | P6: 2 | Q6: 6.5 | R6: 7 | S6: 0 | T6: 1 | U6: 0/0 | V6: 36 | W6: 6.31 | X6: 6.57 | Y6: 4 | Z6: 2 | AA6: 0/0 | AB6: Apri | AC6: Apri | AD6: Apri
A7: TOP | B7: 91.1 | C7: FALSE | E7: Bremer | F7: Juventus | G7: 37 | H7: Titolare fisso | I7: Titolare fisso · Consigliato Gazzetta · Portatore di bonus | J7: 29 | K7: Brasile | L7: Dx | P7: 2 | Q7: 6.75 | R7: 8.25 | S7: 1 | T7: 0 | U7: 0/0 | V7: 26 | W7: 6.29 | X7: 6.77 | Y7: 4 | Z7: 3 | AA7: 0/0 | AB7: Apri | AC7: Apri | AD7: Apri
A8: TOP | B8: 91 | C8: FALSE | E8: Wesley | F8: Roma | G8: 37 | H8: Titolare fisso | I8: Titolare fisso · Consigliato Gazzetta · Under 23 · Garanzia voto · Portatore di bonus | J8: 22 | K8: Brasile | L8: Dx | P8: 2 | Q8: 6.75 | R8: 7.25 | S8: 0 | T8: 1 | U8: 0/0 | V8: 30 | W8: 6.17 | X8: 6.52 | Y8: 5 | Z8: 0 | AA8: 0/0 | AB8: Apri | AC8: Apri | AD8: Apri
A9: TOP | B9: 89.5 | C9: FALSE | E9: Bastoni A. | F9: Inter | G9: 34 | H9: Titolare fisso | I9: Titolare fisso · Consigliato Gazzetta · Portatore di bonus | J9: 27 | K9: Italia | L9: Sx | P9: 2 | Q9: 6 | R9: 6 | S9: 0 | T9: 0 | U9: 0/0 | V9: 28 | W9: 6.16 | X9: 6.3 | Y9: 1 | Z9: 4 | AA9: 0/0 | AB9: Apri | AC9: Apri | AD9: Apri
A10: TOP | B10: 89.2 | C10: FALSE | E10: Zappacosta D. | F10: Atalanta | G10: 32 | H10: Titolare fisso | I10: Titolare fisso · Consigliato Gazzetta · Garanzia voto | J10: 34 | K10: Italia | L10: Dx | P10: 2 | Q10: 6.25 | R10: 6.25 | S10: 0 | T10: 0 | U10: 0/0 | V10: 35 | W10: 6.03 | X10: 6.27 | Y10: 3 | Z10: 1 | AA10: 0/0 | AB10: Apri | AC10: Apri | AD10: Apri
A11: TOP | B11: 88.6 | C11: FALSE | D11: ★★ | E11: Ndicka E. | F11: Roma | G11: 31 | H11: Ballottaggio (Ghilardi D.) | I11: Ballottaggio (Ghilardi D.) · Consigliato Gazzetta · Scommessa Gazzetta · Garanzia voto | J11: 27 | K11: Francia, Camerun | L11: Sx | P11: 1 | Q11: 6.5 | R11: 6.5 | S11: 0 | T11: 0 | U11: 0/0 | V11: 31 | W11: 6.15 | X11: 6.39 | Y11: 3 | Z11: 1 | AA11: 0/0 | AB11: Apri | AC11: Apri | AD11: Apri
A12: TOP | B12: 88.5 | C12: FALSE | E12: Kalulu P. | F12: Juventus | G12: 31 | H12: Titolare fisso | I12: Titolare fisso · Consigliato Gazzetta · Garanzia voto · Portatore di bonus | J12: 26 | K12: Francia, Repubblica Democratica del Congo | L12: Dx | P12: 2 | Q12: 6.5 | R12: 6.5 | S12: 0 | T12: 0 | U12: 0/0 | V12: 37 | W12: 6.2 | X12: 6.42 | Y12: 2 | Z12: 4 | AA12: 0/0 | AB12: Apri | AC12: Apri | AD12: Apri
A13: TOP | B13: 88.4 | C13: FALSE | E13: Solet O. | F13: Udinese | G13: 31 | H13: Titolare fisso | I13: Titolare fisso · Consigliato Gazzetta · Garanzia voto | J13: 26 | K13: Francia, Repubblica Centrafricana | L13: Dx | P13: 2 | Q13: 6.25 | R13: 6.25 | S13: 0 | T13: 0 | U13: 0/0 | V13: 35 | W13: 6.26 | X13: 6.47 | Y13: 3 | Z13: 1 | AA13: 1/1 | AB13: Apri | AC13: Apri | AD13: Apri
A14: TOP | B14: 88.2 | C14: FALSE | D14: ★★ | E14: Pavlovic S. | F14: Milan | G14: 34 | H14: Titolare fisso | I14: Titolare fisso · Scommessa Gazzetta · Garanzia voto · Portatore di bonus | J14: 25 | K14: Serbia | L14: Sx | P14: 2 | Q14: 6.5 | R14: 6.25 | S14: 0 | T14: 0 | U14: 0/0 | V14: 34 | W14: 6.28 | X14: 6.66 | Y14: 5 | Z14: 0 | AA14: 0/0 | AB14: Apri | AC14: Apri | AD14: Apri
A15: TOP | B15: 87.3 | C15: FALSE | E15: Di Lorenzo G. | F15: Napoli | G15: 31 | H15: Titolare fisso | I15: Titolare fisso · Consigliato Gazzetta | J15: 33 | K15: Italia | L15: Dx | P15: 2 | Q15: 6 | R15: 5.75 | S15: 0 | T15: 0 | U15: 0/0 | V15: 26 | W15: 6.02 | X15: 6.27 | Y15: 2 | Z15: 1 | AA15: 0/0 | AB15: Apri | AC15: Apri | AD15: Apri
A16: TOP | B16: 86.9 | C16: FALSE | E16: Akanji M. | F16: Inter | G16: 30 | H16: Ballottaggio (Stones J.) | I16: Ballottaggio (Stones J.) · Consigliato Gazzetta · Garanzia voto | J16: 31 | K16: Svizzera, Nigeria | L16: Dx | P16: 2 | Q16: 5.5 | R16: 5.25 | S16: 0 | T16: 0 | U16: 0/0 | V16: 32 | W16: 6.27 | X16: 6.39 | Y16: 2 | Z16: 0 | AA16: 0/0 | AB16: Apri | AC16: Apri | AD16: Apri
A17: TOP | B17: 85.1 | C17: FALSE | D17: ★★ | E17: Hermoso M. | F17: Roma | G17: 25 | H17: Titolare fisso | I17: Titolare fisso · Consigliato Gazzetta · Scommessa Gazzetta · Portatore di bonus | J17: 31 | K17: Spagna | L17: Sx | P17: 2 | Q17: 6.5 | R17: 6.25 | S17: 0 | T17: 0 | U17: 0/0 | V17: 27 | W17: 6.17 | X17: 6.41 | Y17: 3 | Z17: 2 | AA17: 0/0 | AB17: Apri | AC17: Apri | AD17: Apri
A18: TOP | B18: 81.8 | C18: FALSE | E18: Stones J. | F18: Inter | G18: 30 | H18: Ballottaggio (Akanji M.) | I18: Ballottaggio (Akanji M.) · Consigliato Gazzetta · Novità / ritorno in A | J18: 32 | K18: Inghilterra | L18: Dx | P18: 2 | Q18: 6 | R18: 6 | S18: 0 | T18: 0 | U18: 0/0 | AB18: Apri | AC18: Apri | AD18: Apri
A19: TOP | B19: 81.5 | C19: FALSE | E19: Spinazzola L. | F19: Napoli | G19: 27 | H19: Titolare fisso | I19: Titolare fisso · Garanzia voto · Portatore di bonus | J19: 33 | K19: Italia | L19: Dx | P19: 2 | Q19: 5.75 | R19: 5.75 | S19: 0 | T19: 0 | U19: 0/0 | V19: 30 | W19: 6.1 | X19: 6.48 | Y19: 3 | Z19: 3 | AA19: 0/0 | AB19: Apri | AC19: Apri | AD19: Apri
A20: TOP | B20: 80.7 | C20: FALSE | E20: Scalvini G. | F20: Atalanta | G20: 27 | H20: Titolare fisso | I20: Titolare fisso · Under 23 | J20: 22 | K20: Italia | L20: Dx | P20: 2 | Q20: 6 | R20: 6 | S20: 0 | T20: 0 | U20: 0/0 | V20: 24 | W20: 6.04 | X20: 6.42 | Y20: 3 | Z20: 1 | AA20: 0/0 | AB20: Apri | AC20: Apri | AD20: Apri
A21: TOP | B21: 80.2 | C21: FALSE | E21: Cambiaso A. | F21: Juventus | G21: 27 | H21: Titolare probabile | I21: Titolare probabile · Calci piazzati · Consigliato Gazzetta · Portatore di bonus · Rischio infortunio · Indisponibile ora | J21: 26 | K21: Italia | L21: Sx | N21: 3° | O21: Da valutare | P21: 1 | Q21: 5.5 | R21: 5 | S21: 0 | T21: 0 | U21: 0/0 | V21: 36 | W21: 5.79 | X21: 5.97 | Y21: 3 | Z21: 4 | AA21: 0/0 | AB21: Apri | AC21: Apri | AD21: Apri
A22: TOP | B22: 79.8 | C22: FALSE | E22: Ostigard L. | F22: Genoa | G22: 22 | H22: Titolare fisso | I22: Titolare fisso · Consigliato Gazzetta · Garanzia voto · Portatore di bonus | J22: 26 | K22: Norvegia | L22: Dx | P22: 3 | Q22: 5.67 | R22: 5.17 | S22: 0 | T22: 0 | U22: 0/0 | V22: 30 | W22: 6.13 | X22: 6.52 | Y22: 5 | Z22: 0 | AA22: 0/0 | AB22: Apri | AC22: Apri | AD22: Apri
A23: TOP | B23: 79.8 | C23: FALSE | E23: Molina N. | F23: Roma | G23: 29 | H23: Titolare probabile | I23: Titolare probabile · Consigliato Gazzetta · Novità / ritorno in A | J23: 28 | K23: Argentina | L23: Dx | P23: 1 | Q23: 6 | R23: 6 | S23: 0 | T23: 0 | U23: 0/0 | AB23: Apri | AC23: Apri | AD23: Apri
A24: TOP | B24: 79.2 | C24: FALSE | E24: Gila M. | F24: Milan | G24: 23 | H24: Titolare fisso | I24: Titolare fisso · Consigliato Gazzetta · Garanzia voto | J24: 26 | K24: Spagna | L24: Dx | P24: 2 | Q24: 6.5 | R24: 6.5 | S24: 0 | T24: 0 | U24: 0/0 | V24: 31 | W24: 5.95 | X24: 5.87 | Y24: 0 | Z24: 0 | AA24: 0/0 | AB24: Apri | AC24: Apri | AD24: Apri
A25: SEMITOP | B25: 78.7 | C25: FALSE | D25: ★★ | E25: Ramon J. | F25: Como | G25: 25 | H25: Titolare fisso | I25: Titolare fisso · Under 23 · Garanzia voto | J25: 21 | K25: Spagna | L25: Dx | P25: 3 | Q25: 6 | R25: 6 | S25: 0 | T25: 0 | U25: 0/0 | V25: 32 | W25: 6.16 | X25: 6.14 | Y25: 2 | Z25: 0 | AA25: 0/0 | AB25: Apri | AC25: Apri | AD25: Apri
A26: SEMITOP | B26: 78.5 | C26: FALSE | D26: ★★ | E26: Comuzzo P. | F26: Torino | G26: 23 | H26: Titolare fisso | I26: Titolare fisso · Consigliato Gazzetta · Under 23 | J26: 21 | K26: Italia | L26: Dx | P26: 2 | Q26: 6.25 | R26: 7.75 | S26: 1 | T26: 0 | U26: 0/0 | V26: 24 | W26: 5.73 | X26: 5.73 | Y26: 1 | Z26: 0 | AA26: 0/0 | AB26: Apri | AC26: Apri | AD26: Apri
A27: SEMITOP | B27: 78.5 | C27: FALSE | D27: ★★ | E27: Gabriel T. | F27: Lecce | G27: 21 | H27: Ballottaggio (Siebert J.) | I27: Ballottaggio (Siebert J.) · Consigliato Gazzetta · Under 23 · Garanzia voto | J27: 21 | K27: Portogallo | L27: Dx | P27: 2 | Q27: 6 | R27: 7.5 | S27: 1 | T27: 0 | U27: 0/0 | V27: 36 | W27: 6.03 | X27: 6.04 | Y27: 2 | Z27: 0 | AA27: 0/0 | AB27: Apri | AC27: Apri | AD27: Apri
A28: SEMITOP | B28: 77.9 | C28: FALSE | E28: Rrahmani A. | F28: Napoli | G28: 25 | H28: Titolare fisso | I28: Titolare fisso | J28: 32 | K28: Kosovo, Albania | L28: Ambidestro | P28: 2 | Q28: 6 | R28: 6.5 | S28: 0 | T28: 1 | U28: 0/0 | V28: 21 | W28: 6.26 | X28: 6.48 | Y28: 2 | Z28: 0 | AA28: 0/0 | AB28: Apri | AC28: Apri | AD28: Apri
A29: SEMITOP | B29: 77.5 | C29: FALSE | D29: ★★ | E29: Miranda J. | F29: Bologna | G29: 23 | H29: Titolare probabile | I29: Titolare probabile · Calci piazzati · Scommessa Gazzetta · Garanzia voto | J29: 26 | K29: Spagna | L29: Sx | N29: 3° | P29: 1 | Q29: 6 | R29: 6 | S29: 0 | T29: 0 | U29: 0/0 | V29: 31 | W29: 5.94 | X29: 6.03 | Y29: 1 | Z29: 3 | AA29: 0/0 | AB29: Apri | AC29: Apri | AD29: Apri
A30: SEMITOP | B30: 76.7 | C30: FALSE | E30: Valeri E. | F30: Parma | G30: 20 | H30: Titolare fisso | I30: Titolare fisso · Calci piazzati · Consigliato Gazzetta · Garanzia voto | J30: 27 | K30: Italia | L30: Sx | N30: 2° | P30: 2 | Q30: 5.75 | R30: 5.75 | S30: 0 | T30: 0 | U30: 0/0 | V30: 34 | W30: 6.1 | X30: 6.13 | Y30: 0 | Z30: 2 | AA30: 0/0 | AB30: Apri | AC30: Apri | AD30: Apri
A31: SEMITOP | B31: 76.3 | C31: FALSE | E31: Kamara H. | F31: Udinese | G31: 24 | H31: Titolare fisso | I31: Titolare fisso | J31: 32 | K31: Francia, Gambia | L31: Sx | P31: 2 | Q31: 7 | R31: 10 | S31: 2 | T31: 0 | U31: 0/0 | V31: 26 | W31: 5.9 | X31: 5.88 | Y31: 0 | Z31: 2 | AA31: 0/0 | AB31: Apri | AC31: Apri | AD31: Apri
A32: SEMITOP | B32: 76.1 | C32: FALSE | E32: Vasquez J. | F32: Genoa | G32: 20 | H32: Titolare fisso | I32: Titolare fisso · Consigliato Gazzetta · Garanzia voto | J32: 27 | K32: Messico | L32: Sx | P32: 3 | Q32: 5.33 | R32: 5.33 | S32: 0 | T32: 0 | U32: 0/0 | V32: 36 | W32: 6.11 | X32: 6.17 | Y32: 1 | Z32: 0 | AA32: 0/0 | AB32: Apri | AC32: Apri | AD32: Apri
A33: SEMITOP | B33: 76.1 | C33: FALSE | E33: Chalobah T. | F33: Como | G33: 27 | H33: Titolare fisso | I33: Titolare fisso · Novità / ritorno in A | J33: 27 | K33: Inghilterra, Sierra Leone | L33: Dx | P33: 3 | Q33: 6.33 | R33: 6.33 | S33: 0 | T33: 0 | U33: 0/0 | AB33: Apri | AC33: Apri | AD33: Apri
A34: SEMITOP | B34: 74.9 | C34: FALSE | E34: Bisseck Y. | F34: Inter | G34: 32 | H34: Ballottaggio (Pavard B.) | I34: Ballottaggio (Pavard B.) · Portatore di bonus | J34: 25 | K34: Germania, Camerun | L34: Dx | P34: 2 | Q34: 6.75 | R34: 8.25 | S34: 1 | T34: 0 | U34: 0/0 | V34: 23 | W34: 6.2 | X34: 6.63 | Y34: 3 | Z34: 2 | AA34: 0/0 | AB34: Apri | AC34: Apri | AD34: Apri
A35: SEMITOP | B35: 73.8 | C35: FALSE | D35: ★★ | E35: Spence D. | F35: Inter | G35: 26 | H35: Titolare probabile | I35: Titolare probabile · Scommessa Gazzetta · Novità / ritorno in A | J35: 26 | K35: Inghilterra, Giamaica | L35: Dx | P35: 0 | Q35: 0 | R35: 0 | S35: 0 | T35: 0 | U35: 0/0 | AB35: Apri | AC35: Apri | AD35: Apri
A36: SEMITOP | B36: 73 | C36: FALSE | E36: Holm E. | F36: Bologna | G36: 21 | H36: Titolare fisso | I36: Titolare fisso · Portatore di bonus | J36: 26 | K36: Svezia | L36: Dx | P36: 2 | Q36: 6 | R36: 6 | S36: 0 | T36: 0 | U36: 0/0 | V36: 16 | W36: 6.03 | X36: 6.38 | Y36: 1 | Z36: 4 | AA36: 0/0 | AB36: Apri | AC36: Apri | AD36: Apri
A37: SEMITOP | B37: 72.5 | C37: FALSE | E37: Dodo | F37: Fiorentina | G37: 26 | H37: Rotazione / riserva | I37: Rotazione / riserva · Consigliato Gazzetta · Garanzia voto | J37: 27 | K37: Brasile | L37: Dx | P37: 1 | Q37: 5 | R37: 5 | S37: 0 | T37: 0 | U37: 0/0 | V37: 36 | W37: 6.07 | X37: 6.11 | Y37: 1 | Z37: 2 | AA37: 0/0 | AB37: Apri | AC37: Apri | AD37: Apri
A38: SEMITOP | B38: 70.6 | C38: FALSE | E38: Gallo A. | F38: Lecce | G38: 20 | H38: Titolare probabile | I38: Titolare probabile · Garanzia voto | J38: 26 | K38: Italia | L38: Sx | P38: 1 | Q38: 5.5 | R38: 5.5 | S38: 0 | T38: 0 | U38: 0/0 | V38: 37 | W38: 5.93 | X38: 5.97 | Y38: 0 | Z38: 3 | AA38: 0/0 | AB38: Apri | AC38: Apri | AD38: Apri
A39: SEMITOP | B39: 70.5 | C39: FALSE | E39: Valle A. | F39: Como | G39: 27 | H39: Ballottaggio (Kaiki B.) | I39: Ballottaggio (Kaiki B.) · Under 23 | J39: 22 | K39: Spagna | L39: Sx | P39: 3 | Q39: 6.33 | R39: 6.67 | S39: 0 | T39: 1 | U39: 0/0 | V39: 26 | W39: 6.06 | X39: 6.23 | Y39: 1 | Z39: 3 | AA39: 0/0 | AB39: Apri | AC39: Apri | AD39: Apri
A40: SEMITOP | B40: 69.9 | C40: FALSE | E40: Kempf M. | F40: Como | G40: 27 | H40: Rotazione / riserva | I40: Rotazione / riserva · Garanzia voto · Portatore di bonus | J40: 31 | K40: Germania | L40: Sx | P40: 1 | Q40: 6.5 | R40: 6.5 | S40: 0 | T40: 0 | U40: 0/0 | V40: 30 | W40: 6.12 | X40: 6.5 | Y40: 4 | Z40: 1 | AA40: 0/0 | AB40: Apri | AC40: Apri | AD40: Apri
A41: SEMITOP | B41: 69.4 | C41: FALSE | E41: Delprato E. | F41: Parma | G41: 18 | H41: Titolare fisso | I41: Titolare fisso · Consigliato Gazzetta · Garanzia voto | J41: 26 | K41: Italia | L41: Dx | P41: 2 | Q41: 6 | R41: 5.75 | S41: 0 | T41: 0 | U41: 0/0 | V41: 35 | W41: 6.01 | X41: 6.11 | Y41: 2 | Z41: 0 | AA41: 0/0 | AB41: Apri | AC41: Apri | AD41: Apri
A42: SEMITOP | B42: 69.4 | C42: FALSE | E42: Lucumi J. | F42: Juventus | G42: 20 | H42: Ballottaggio (Kelly L.) | I42: Ballottaggio (Kelly L.) | J42: 28 | K42: Colombia | L42: Sx | P42: 1 | Q42: 5.5 | R42: 5 | S42: 0 | T42: 0 | U42: 0/0 | V42: 28 | W42: 5.91 | X42: 5.93 | Y42: 1 | Z42: 0 | AA42: 0/0 | AB42: Apri | AC42: Apri | AD42: Apri
A43: SEMITOP | B43: 69.1 | C43: FALSE | D43: ★★★ | E43: Couto Y. | F43: Como | G43: 20 | H43: Ballottaggio (Smolcic I.) | I43: Ballottaggio (Smolcic I.) · Scommessa Gazzetta · Novità / ritorno in A | J43: 24 | K43: Brasile | L43: Dx | P43: 3 | Q43: 6 | R43: 6.33 | S43: 0 | T43: 1 | U43: 0/0 | AB43: Apri | AC43: Apri | AD43: Apri
A44: SEMITOP | B44: 68.9 | C44: FALSE | E44: Mina Y. | F44: Cagliari | G44: 19 | H44: Titolare probabile | I44: Titolare probabile · Consigliato Gazzetta | J44: 31 | K44: Colombia | L44: Dx | P44: 0 | Q44: 0 | R44: 0 | S44: 0 | T44: 0 | U44: 0/0 | V44: 26 | W44: 6.02 | X44: 6.19 | Y44: 2 | Z44: 1 | AA44: 0/0 | AB44: Apri | AC44: Apri | AD44: Apri
A45: SEMITOP | B45: 68.3 | C45: FALSE | E45: Belghali R. | F45: Torino | G45: 20 | H45: Titolare probabile | I45: Titolare probabile | J45: 24 | K45: Algeria, Belgio | L45: Dx | P45: 0 | Q45: 0 | R45: 0 | S45: 0 | T45: 0 | U45: 0/0 | V45: 26 | W45: 6.1 | X45: 6.21 | Y45: 2 | Z45: 0 | AA45: 0/0 | AB45: Apri | AC45: Apri | AD45: Apri
A46: SEMITOP | B46: 67.6 | C46: FALSE | E46: Kelly L. | F46: Juventus | G46: 24 | H46: Ballottaggio (Lucumi J.) | I46: Ballottaggio (Lucumi J.) · Garanzia voto | J46: 27 | K46: Inghilterra | L46: Sx | P46: 2 | Q46: 6 | R46: 6 | S46: 0 | T46: 0 | U46: 0/0 | V46: 35 | W46: 6.04 | X46: 6.1 | Y46: 1 | Z46: 1 | AA46: 0/0 | AB46: Apri | AC46: Apri | AD46: Apri
A47: SEMITOP | B47: 67.6 | C47: FALSE | D47: ★★★ | E47: Bernasconi L. | F47: Atalanta | G47: 19 | H47: Titolare probabile | I47: Titolare probabile · Scommessa Gazzetta · Under 23 | J47: 22 | K47: Italia | L47: Sx | P47: 1 | Q47: 5.5 | R47: 5.5 | S47: 0 | T47: 0 | U47: 0/0 | V47: 22 | W47: 6.11 | X47: 6.18 | Y47: 0 | Z47: 3 | AA47: 0/0 | AB47: Apri | AC47: Apri | AD47: Apri
A48: SEMITOP | B48: 66.8 | C48: FALSE | D48: ★★★ | E48: Jimenez A. | F48: Fiorentina | G48: 19 | H48: Ballottaggio (Joao Mario) | I48: Ballottaggio (Joao Mario) · Scommessa Gazzetta · Under 23 | J48: 21 | K48: Spagna | L48: Dx | P48: 2 | Q48: 5 | R48: 4.75 | S48: 0 | T48: 0 | U48: 0/0 | V48: 1 | W48: 5.5 | X48: 5 | Y48: 0 | Z48: 0 | AA48: 0/0 | AB48: Apri | AC48: Apri | AD48: Apri
A49: SEMITOP | B49: 66.4 | C49: FALSE | E49: Gabbia M. | F49: Milan | G49: 21 | H49: Titolare probabile | I49: Titolare probabile · Rischio infortunio · Indisponibile ora | J49: 26 | K49: Italia | L49: Dx | O49: Rientro alla 5 (settembre) | P49: 1 | Q49: 6 | R49: 6 | S49: 0 | T49: 0 | U49: 0/0 | V49: 29 | W49: 5.91 | X49: 5.84 | Y49: 0 | Z49: 0 | AA49: 0/0 | AB49: Apri | AC49: Apri | AD49: Apri
A50: SEMITOP | B50: 65.2 | C50: FALSE | E50: Marusic A. | F50: Lazio | G50: 20 | H50: Titolare probabile | I50: Titolare probabile · Rischio infortunio · Indisponibile ora | J50: 33 | K50: Montenegro, Serbia | L50: Dx | O50: Rientro alla 6 (ottobre) | P50: 1 | Q50: 6 | R50: 6 | S50: 0 | T50: 0 | U50: 0/0 | V50: 33 | W50: 5.8 | X50: 5.91 | Y50: 1 | Z50: 2 | AA50: 0/0 | AB50: Apri | AC50: Apri | AD50: Apri
A51: SEMITOP | B51: 64.6 | C51: FALSE | D51: ★ | E51: Carlos Augusto | F51: Inter | G51: 23 | H51: Ballottaggio (Dimarco F.) | I51: Ballottaggio (Dimarco F.) · Scommessa Gazzetta | J51: 27 | K51: Brasile | L51: Sx | P51: 0 | Q51: 0 | R51: 0 | S51: 0 | T51: 0 | U51: 0/0 | V51: 28 | W51: 6.05 | X51: 6.09 | Y51: 1 | Z51: 1 | AA51: 0/0 | AB51: Apri | AC51: Apri | AD51: Apri
A52: SEMITOP | B52: 62.8 | C52: FALSE | E52: Carlos D. | F52: Parma | G52: 17 | H52: Titolare probabile | I52: Titolare probabile · Consigliato Gazzetta | J52: 33 | K52: Brasile | L52: Dx | P52: 0 | Q52: 0 | R52: 0 | S52: 0 | T52: 0 | U52: 0/0 | V52: 25 | W52: 6.18 | X52: 6.14 | Y52: 1 | Z52: 0 | AA52: 0/0 | AB52: Apri | AC52: Apri | AD52: Apri
A53: SEMITOP | B53: 62.6 | C53: FALSE | E53: Bellanova R. | F53: Atalanta | G53: 24 | H53: Rotazione / riserva | I53: Rotazione / riserva | J53: 26 | K53: Italia | L53: Dx | P53: 0 | Q53: 0 | R53: 0 | S53: 0 | T53: 0 | U53: 0/0 | V53: 22 | W53: 5.75 | X53: 5.75 | Y53: 0 | Z53: 1 | AA53: 0/0 | AB53: Apri | AC53: Apri | AD53: Apri
A54: SEMITOP | B54: 62.5 | C54: FALSE | E54: Vojvoda M. | F54: Udinese | G54: 17 | H54: Titolare fisso | I54: Titolare fisso | J54: 31 | K54: Kosovo, Belgio | L54: Dx | P54: 2 | Q54: 6.5 | R54: 6.5 | S54: 0 | T54: 0 | U54: 0/0 | V54: 27 | W54: 5.94 | X54: 6.17 | Y54: 2 | Z54: 1 | AA54: 0/0 | AB54: Apri | AC54: Apri | AD54: Apri
A55: TERZA FASCIA | B55: 62.1 | C55: FALSE | E55: Kristensen T. | F55: Atalanta | G55: 18 | H55: Titolare probabile | I55: Titolare probabile | J55: 24 | K55: Danimarca | L55: Dx | P55: 0 | Q55: 0 | R55: 0 | S55: 0 | T55: 0 | U55: 0/0 | V55: 28 | W55: 6.04 | X55: 6.29 | Y55: 3 | Z55: 0 | AA55: 0/0 | AB55: Apri | AC55: Apri | AD55: Apri
A56: TERZA FASCIA | B56: 61.7 | C56: FALSE | D56: ★★ | E56: Pavard B. | F56: Inter | G56: 21 | H56: Ballottaggio (Bisseck Y.) | I56: Ballottaggio (Bisseck Y.) · Scommessa Gazzetta | J56: 30 | K56: Francia | L56: Dx | P56: 1 | Q56: 6 | R56: 6 | S56: 0 | T56: 0 | U56: 0/0 | V56: 1 | W56: 6.5 | X56: 6.5 | Y56: 0 | Z56: 0 | AA56: 0/0 | AB56: Apri | AC56: Apri | AD56: Apri
A57: TERZA FASCIA | B57: 61.6 | C57: FALSE | E57: Bartesaghi D. | F57: Milan | G57: 20 | H57: Rotazione / riserva | I57: Rotazione / riserva · Under 23 · Garanzia voto | J57: 20 | K57: Italia | L57: Sx | P57: 2 | Q57: 6 | R57: 6 | S57: 0 | T57: 0 | U57: 0/0 | V57: 31 | W57: 6 | X57: 6.08 | Y57: 2 | Z57: 0 | AA57: 0/0 | AB57: Apri | AC57: Apri | AD57: Apri
A58: TERZA FASCIA | B58: 61.2 | C58: FALSE | D58: ★ | E58: Sutalo J. | F58: Lazio | G58: 18 | H58: Titolare probabile | I58: Titolare probabile · Consigliato Gazzetta · Novità / ritorno in A | J58: 26 | K58: Croazia | L58: Dx | P58: 0 | Q58: 0 | R58: 0 | S58: 0 | T58: 0 | U58: 0/0 | AB58: Apri | AC58: Apri | AD58: Apri
A59: TERZA FASCIA | B59: 60.5 | C59: FALSE | E59: Theate A. | F59: Bologna | G59: 19 | H59: Ballottaggio (Helland E.) | I59: Ballottaggio (Helland E.) · Novità / ritorno in A | J59: 26 | K59: Belgio | L59: Sx | P59: 0 | Q59: 0 | R59: 0 | S59: 0 | T59: 0 | U59: 0/0 | AB59: Apri | AC59: Apri | AD59: Apri
A60: TERZA FASCIA | B60: 60.5 | C60: FALSE | E60: Badiashile B. | F60: Napoli | G60: 19 | H60: Titolare probabile | I60: Titolare probabile · Novità / ritorno in A | J60: 25 | K60: Francia, Repubblica Democratica del Congo | L60: Sx | P60: 0 | Q60: 0 | R60: 0 | S60: 0 | T60: 0 | U60: 0/0 | AB60: Apri | AC60: Apri | AD60: Apri
A61: TERZA FASCIA | B61: 60.2 | C61: FALSE | E61: Pedraza A. | F61: Lazio | G61: 18 | H61: Titolare fisso | I61: Titolare fisso · Novità / ritorno in A | J61: 30 | K61: Spagna | L61: Sx | P61: 2 | Q61: 6 | R61: 6 | S61: 0 | T61: 0 | U61: 0/0 | AB61: Apri | AC61: Apri | AD61: Apri
A62: TERZA FASCIA | B62: 59.6 | C62: FALSE | E62: Coco S. | F62: Torino | G62: 16 | H62: Titolare fisso | I62: Titolare fisso | J62: 27 | K62: Guinea Equatoriale, Spagna | L62: Dx | P62: 2 | Q62: 5.5 | R62: 5.5 | S62: 0 | T62: 0 | U62: 0/0 | V62: 35 | W62: 5.89 | X62: 5.96 | Y62: 1 | Z62: 1 | AA62: 0/0 | AB62: Apri | AC62: Apri | AD62: Apri
A63: TERZA FASCIA | B63: 59.3 | C63: FALSE | E63: Obert A. | F63: Cagliari | G63: 16 | H63: Titolare fisso | I63: Titolare fisso · Garanzia voto | J63: 24 | K63: Slovacchia | L63: Sx | P63: 2 | Q63: 6 | R63: 6 | S63: 0 | T63: 0 | U63: 0/0 | V63: 34 | W63: 5.97 | X63: 5.91 | Y63: 0 | Z63: 3 | AA63: 0/0 | AB63: Apri | AC63: Apri | AD63: Apri
A64: TERZA FASCIA | B64: 59.3 | C64: FALSE | D64: ★ | E64: Balerdi L. | F64: Roma | G64: 22 | H64: Rotazione / riserva | I64: Rotazione / riserva · Scommessa Gazzetta · Novità / ritorno in A | J64: 27 | K64: Argentina | L64: Dx | P64: 0 | Q64: 0 | R64: 0 | S64: 0 | T64: 0 | U64: 0/0 | AB64: Apri | AC64: Apri | AD64: Apri
A65: TERZA FASCIA | B65: 58.6 | C65: FALSE | E65: Hien I. | F65: Atalanta | G65: 24 | H65: Rotazione / riserva | I65: Rotazione / riserva · Rischio infortunio · Indisponibile ora | J65: 27 | K65: Svezia, Burkina Faso | L65: Dx | O65: Rientro alla 6 (ottobre) | P65: 0 | Q65: 0 | R65: 0 | S65: 0 | T65: 0 | U65: 0/0 | V65: 28 | W65: 6.02 | X65: 5.96 | Y65: 1 | Z65: 0 | AA65: 0/0 | AB65: Apri | AC65: Apri | AD65: Apri
A66: TERZA FASCIA | B66: 58.3 | C66: FALSE | E66: Celik Z. | F66: Juventus | G66: 19 | H66: Rotazione / riserva | I66: Rotazione / riserva · Garanzia voto | J66: 29 | K66: Turchia | L66: Dx | P66: 2 | Q66: 6 | R66: 5.75 | S66: 0 | T66: 0 | U66: 0/0 | V66: 32 | W66: 6.08 | X66: 6.17 | Y66: 1 | Z66: 2 | AA66: 0/0 | AB66: Apri | AC66: Apri | AD66: Apri
A67: TERZA FASCIA | B67: 57.7 | C67: FALSE | E67: Provstgaard O. | F67: Lazio | G67: 16 | H67: Titolare fisso | I67: Titolare fisso | J67: 23 | K67: Danimarca | L67: Sx | P67: 2 | Q67: 6.25 | R67: 6 | S67: 0 | T67: 0 | U67: 0/0 | V67: 23 | W67: 5.91 | X67: 5.85 | Y67: 0 | Z67: 0 | AA67: 0/0 | AB67: Apri | AC67: Apri | AD67: Apri
A68: TERZA FASCIA | B68: 57.5 | C68: FALSE | D68: ★ | E68: Doekhi D. | F68: Lazio | G68: 19 | H68: Rotazione / riserva | I68: Rotazione / riserva · Consigliato Gazzetta · Novità / ritorno in A | J68: 28 | K68: Olanda, Suriname | L68: Dx | P68: 2 | Q68: 6.25 | R68: 6.25 | S68: 0 | T68: 0 | U68: 0/0 | AB68: Apri | AC68: Apri | AD68: Apri
A69: TERZA FASCIA | B69: 56.9 | C69: FALSE | E69: Ismajli A. | F69: Torino | G69: 19 | H69: Rotazione / riserva | I69: Rotazione / riserva | J69: 29 | K69: Albania, Kosovo | L69: Dx | P69: 2 | Q69: 6 | R69: 6 | S69: 0 | T69: 0 | U69: 0/0 | V69: 24 | W69: 5.96 | X69: 5.94 | Y69: 0 | Z69: 2 | AA69: 0/0 | AB69: Apri | AC69: Apri | AD69: Apri
A70: TERZA FASCIA | B70: 56 | C70: FALSE | E70: Veiga D. | F70: Lecce | G70: 15 | H70: Titolare fisso | I70: Titolare fisso | J70: 23 | K70: Portogallo, Brasile | L70: Dx | P70: 2 | Q70: 5.75 | R70: 6 | S70: 0 | T70: 1 | U70: 0/0 | V70: 36 | W70: 5.86 | X70: 5.74 | Y70: 0 | Z70: 0 | AA70: 0/0 | AB70: Apri | AC70: Apri | AD70: Apri
A71: TERZA FASCIA | B71: 55.3 | C71: FALSE | D71: ★★★ | E71: Valdepenas V. | F71: Fiorentina | G71: 16 | H71: Titolare probabile | I71: Titolare probabile · Scommessa Gazzetta · Under 23 · Novità / ritorno in A | J71: 19 | K71: Spagna | L71: Sx | P71: 1 | Q71: 5.5 | R71: 5.5 | S71: 0 | T71: 0 | U71: 0/0 | AB71: Apri | AC71: Apri | AD71: Apri
A72: TERZA FASCIA | B72: 54.8 | C72: FALSE | E72: Dragusin R. | F72: Fiorentina | G72: 16 | H72: Titolare fisso | I72: Titolare fisso · Novità / ritorno in A | J72: 24 | K72: Romania | L72: Dx | P72: 2 | Q72: 4 | R72: 3.75 | S72: 0 | T72: 0 | U72: 0/0 | AB72: Apri | AC72: Apri | AD72: Apri
A73: TERZA FASCIA | B73: 54.8 | C73: FALSE | E73: Terzic A. | F73: Frosinone | G73: 16 | H73: Ballottaggio (Bracaglia G.) | I73: Ballottaggio (Bracaglia G.) · Novità / ritorno in A | J73: 27 | K73: Serbia | L73: Sx | P73: 2 | Q73: 5.75 | R73: 5.75 | S73: 0 | T73: 0 | U73: 0/0 | AB73: Apri | AC73: Apri | AD73: Apri
A74: TERZA FASCIA | B74: 54.6 | C74: FALSE | E74: Tomori F. | F74: Milan | G74: 19 | H74: Rotazione / riserva | I74: Rotazione / riserva · Garanzia voto | J74: 28 | K74: Inghilterra, Canada | L74: Dx | P74: 0 | Q74: 0 | R74: 0 | S74: 0 | T74: 0 | U74: 0/0 | V74: 32 | W74: 5.92 | X74: 5.83 | Y74: 0 | Z74: 1 | AA74: 0/0 | AB74: Apri | AC74: Apri | AD74: Apri
A75: TERZA FASCIA | B75: 54.6 | C75: FALSE | E75: Nuno Tavares | F75: Lazio | G75: 19 | H75: Rotazione / riserva | I75: Rotazione / riserva | J75: 26 | K75: Portogallo, Capo Verde | L75: Sx | P75: 1 | Q75: 7 | R75: 8 | S75: 0 | T75: 1 | U75: 0/0 | V75: 21 | W75: 5.83 | X75: 5.71 | Y75: 0 | Z75: 0 | AA75: 0/0 | AB75: Apri | AC75: Apri | AD75: Apri
A76: TERZA FASCIA | B76: 54 | C76: FALSE | D76: ★★★ | E76: Troilo M. | F76: Parma | G76: 14 | H76: Titolare fisso | I76: Titolare fisso · Scommessa Gazzetta | J76: 23 | K76: Argentina | L76: Ambidestro | P76: 2 | Q76: 5.5 | R76: 5.25 | S76: 0 | T76: 0 | U76: 0/0 | V76: 21 | W76: 5.88 | X76: 5.81 | Y76: 1 | Z76: 0 | AA76: 0/0 | AB76: Apri | AC76: Apri | AD76: Apri
A77: TERZA FASCIA | B77: 54 | C77: FALSE | E77: Zortea N. | F77: Bologna | G77: 18 | H77: Rotazione / riserva | I77: Rotazione / riserva | J77: 27 | K77: Italia | L77: Dx | P77: 2 | Q77: 6 | R77: 6 | S77: 0 | T77: 0 | U77: 0/0 | V77: 28 | W77: 5.79 | X77: 5.82 | Y77: 0 | Z77: 2 | AA77: 0/0 | AB77: Apri | AC77: Apri | AD77: Apri
A78: TERZA FASCIA | B78: 53.4 | C78: FALSE | E78: Kabasele C. | F78: Udinese | G78: 15 | H78: Titolare probabile | I78: Titolare probabile | J78: 35 | K78: Belgio, Repubblica Democratica del Congo | L78: Dx | P78: 0 | Q78: 0 | R78: 0 | S78: 0 | T78: 0 | U78: 0/0 | V78: 29 | W78: 5.97 | X78: 6.16 | Y78: 3 | Z78: 0 | AA78: 0/0 | AB78: Apri | AC78: Apri | AD78: Apri
A79: TERZA FASCIA | B79: 52.9 | C79: FALSE | E79: Marcandalli A. | F79: Genoa | G79: 14 | H79: Titolare fisso | I79: Titolare fisso | J79: 24 | K79: Italia, Nigeria | L79: Dx | P79: 3 | Q79: 5.17 | R79: 5.17 | S79: 0 | T79: 0 | U79: 0/0 | V79: 31 | W79: 5.89 | X79: 5.85 | Y79: 0 | Z79: 1 | AA79: 0/0 | AB79: Apri | AC79: Apri | AD79: Apri
A80: TERZA FASCIA | B80: 52.1 | C80: FALSE | E80: Smolcic I. | F80: Como | G80: 18 | H80: Ballottaggio (Couto Y.) | I80: Ballottaggio (Couto Y.) | J80: 26 | K80: Croazia | L80: Dx | P80: 1 | Q80: 5.5 | R80: 5.5 | S80: 0 | T80: 0 | U80: 0/0 | V80: 25 | W80: 6.08 | X80: 5.96 | Y80: 0 | Z80: 1 | AA80: 0/0 | AB80: Apri | AC80: Apri | AD80: Apri
A81: TERZA FASCIA | B81: 51.8 | C81: FALSE | E81: Ze Pedro | F81: Cagliari | G81: 14 | H81: Titolare fisso | I81: Titolare fisso | J81: 29 | K81: Portogallo | L81: Dx | P81: 2 | Q81: 5.75 | R81: 5.5 | S81: 0 | T81: 0 | U81: 0/0 | V81: 22 | W81: 5.8 | X81: 5.7 | Y81: 0 | Z81: 1 | AA81: 0/0 | AB81: Apri | AC81: Apri | AD81: Apri
A82: TERZA FASCIA | B82: 51.5 | C82: FALSE | D82: ★★ | E82: Rodriguez J. | F82: Cagliari | G82: 14 | H82: Titolare fisso | I82: Titolare fisso · Under 23 | J82: 21 | K82: Uruguay | L82: Sx | P82: 2 | Q82: 6.25 | R82: 6.25 | S82: 0 | T82: 0 | U82: 0/0 | V82: 16 | W82: 5.78 | X82: 5.88 | Y82: 1 | Z82: 0 | AA82: 0/0 | AB82: Apri | AC82: Apri | AD82: Apri
A83: TERZA FASCIA | B83: 50.5 | C83: FALSE | E83: Ranieri L. | F83: Fiorentina | G83: 17 | H83: Ballottaggio (Pongracic M.) | I83: Ballottaggio (Pongracic M.) | J83: 27 | K83: Italia | L83: Sx | P83: 1 | Q83: 4.5 | R83: 4.5 | S83: 0 | T83: 0 | U83: 0/0 | V83: 31 | W83: 5.81 | X83: 5.74 | Y83: 1 | Z83: 0 | AA83: 0/0 | AB83: Apri | AC83: Apri | AD83: Apri
A84: TERZA FASCIA | B84: 50.5 | C84: FALSE | E84: Sugawara Y. | F84: Cagliari | G84: 19 | H84: Rotazione / riserva | I84: Rotazione / riserva · Novità / ritorno in A | J84: 26 | K84: Giappone | L84: Dx | P84: 0 | Q84: 0 | R84: 0 | S84: 0 | T84: 0 | U84: 0/0 | AB84: Apri | AC84: Apri | AD84: Apri
A85: TERZA FASCIA | B85: 50.3 | C85: FALSE | E85: Gatti F. | F85: Juventus | G85: 18 | H85: Rotazione / riserva | I85: Rotazione / riserva | J85: 28 | K85: Italia | L85: Dx | P85: 0 | Q85: 0 | R85: 0 | S85: 0 | T85: 0 | U85: 0/0 | V85: 16 | W85: 5.97 | X85: 6.25 | Y85: 2 | Z85: 0 | AA85: 0/0 | AB85: Apri | AC85: Apri | AD85: Apri
A86: TERZA FASCIA | B86: 50 | C86: FALSE | E86: Obrador R. | F86: Sassuolo | G86: 17 | H86: Rotazione / riserva | I86: Rotazione / riserva · Under 23 | J86: 22 | K86: Spagna | L86: Sx | P86: 1 | Q86: 6 | R86: 6 | S86: 0 | T86: 0 | U86: 0/0 | V86: 16 | W86: 6.06 | X86: 6.41 | Y86: 1 | Z86: 3 | AA86: 0/0 | AB86: Apri | AC86: Apri | AD86: Apri
A87: TERZA FASCIA | B87: 49.2 | C87: FALSE | E87: Buongiorno A. | F87: Napoli | G87: 20 | H87: Rotazione / riserva | I87: Rotazione / riserva · Rischio infortunio · Indisponibile ora · Rientro lungo | J87: 27 | K87: Italia | L87: Sx | O87: Rientro alla 11 (novembre) | P87: 0 | Q87: 0 | R87: 0 | S87: 0 | T87: 0 | U87: 0/0 | V87: 32 | W87: 5.84 | X87: 5.83 | Y87: 0 | Z87: 1 | AA87: 0/0 | AB87: Apri | AC87: Apri | AD87: Apri
A88: TERZA FASCIA | B88: 49.2 | C88: FALSE | E88: Ghilardi D. | F88: Roma | G88: 17 | H88: Ballottaggio (Ndicka E.) | I88: Ballottaggio (Ndicka E.) | J88: 23 | K88: Italia | L88: Dx | P88: 1 | Q88: 6.5 | R88: 6.5 | S88: 0 | T88: 0 | U88: 0/0 | V88: 21 | W88: 5.88 | X88: 5.86 | Y88: 0 | Z88: 0 | AA88: 0/0 | AB88: Apri | AC88: Apri | AD88: Apri
A89: TERZA FASCIA | B89: 49.2 | C89: FALSE | D89: ★ | E89: Monterisi I. | F89: Frosinone | G89: 13 | H89: Titolare fisso | I89: Titolare fisso · Consigliato Gazzetta · Novità / ritorno in A | J89: 24 | K89: Italia | L89: Sx | P89: 2 | Q89: 6 | R89: 6 | S89: 0 | T89: 0 | U89: 0/0 | AB89: Apri | AC89: Apri | AD89: Apri
A90: TERZA FASCIA | B90: 49.1 | C90: FALSE | E90: Rensch D. | F90: Roma | G90: 17 | H90: Rotazione / riserva | I90: Rotazione / riserva · Portatore di bonus | J90: 23 | K90: Olanda, Suriname | L90: Ambidestro | P90: 0 | Q90: 0 | R90: 0 | S90: 0 | T90: 0 | U90: 0/0 | V90: 18 | W90: 6.11 | X90: 6.47 | Y90: 1 | Z90: 4 | AA90: 0/0 | AB90: Apri | AC90: Apri | AD90: Apri
A91: TERZA FASCIA | B91: 48.5 | C91: FALSE | E91: Jesus J. | F91: Venezia | G91: 14 | H91: Titolare probabile | I91: Titolare probabile | J91: 35 | K91: Brasile, Italia | L91: Sx | P91: 0 | Q91: 0 | R91: 0 | S91: 0 | T91: 0 | U91: 0/0 | V91: 22 | W91: 5.82 | X91: 5.59 | Y91: 0 | Z91: 0 | AA91: 0/0 | AB91: Apri | AC91: Apri | AD91: Apri
A92: TERZA FASCIA | B92: 48.2 | C92: FALSE | E92: De Winter K. | F92: Milan | G92: 16 | H92: Rotazione / riserva | I92: Rotazione / riserva | J92: 24 | K92: Belgio | L92: Dx | P92: 2 | Q92: 6.5 | R92: 6.5 | S92: 0 | T92: 0 | U92: 0/0 | V92: 24 | W92: 5.71 | X92: 5.85 | Y92: 1 | Z92: 1 | AA92: 0/0 | AB92: Apri | AC92: Apri | AD92: Apri
A93: TERZA FASCIA | B93: 48 | C93: FALSE | D93: ★★★ | E93: Kaiki B. | F93: Como | G93: 14 | H93: Ballottaggio (Valle A.) | I93: Ballottaggio (Valle A.) · Scommessa Gazzetta · Novità / ritorno in A | J93: 23 | K93: Brasile | L93: Sx | P93: 0 | Q93: 0 | R93: 0 | S93: 0 | T93: 0 | U93: 0/0 | AB93: Apri | AC93: Apri | AD93: Apri
A94: TERZA FASCIA | B94: 47.4 | C94: FALSE | E94: Pongracic M. | F94: Fiorentina | G94: 16 | H94: Ballottaggio (Ranieri L.) | I94: Ballottaggio (Ranieri L.) | J94: 28 | K94: Croazia, Germania | L94: Dx | P94: 1 | Q94: 5 | R94: 5 | S94: 0 | T94: 0 | U94: 0/0 | V94: 35 | W94: 5.89 | X94: 5.71 | Y94: 0 | Z94: 0 | AA94: 0/0 | AB94: Apri | AC94: Apri | AD94: Apri
A95: TERZA FASCIA | B95: 47.4 | C95: FALSE | E95: Kossounou O. | F95: Atalanta | G95: 16 | H95: Rotazione / riserva | I95: Rotazione / riserva | J95: 25 | K95: Costa d'Avorio | L95: Dx | P95: 2 | Q95: 5.75 | R95: 5.75 | S95: 0 | T95: 0 | U95: 0/0 | V95: 17 | W95: 5.79 | X95: 5.94 | Y95: 1 | Z95: 0 | AA95: 0/0 | AB95: Apri | AC95: Apri | AD95: Apri
A96: TERZA FASCIA | B96: 47.2 | C96: FALSE | D96: ★★ | E96: Mangas R. | F96: Monza | G96: 13 | H96: Titolare fisso | I96: Titolare fisso · Scommessa Gazzetta · Novità / ritorno in A | J96: 28 | K96: Portogallo | L96: Sx | P96: 2 | Q96: 6 | R96: 6.5 | S96: 0 | T96: 1 | U96: 0/0 | AB96: Apri | AC96: Apri | AD96: Apri
A97: TERZA FASCIA | B97: 47.2 | C97: FALSE | D97: ★★ | E97: Correia T. | F97: Venezia | G97: 13 | H97: Ballottaggio (Haps R.) | I97: Ballottaggio (Haps R.) · Scommessa Gazzetta · Novità / ritorno in A | J97: 27 | K97: Portogallo | L97: Dx | P97: 2 | Q97: 5.75 | R97: 5.75 | S97: 0 | T97: 0 | U97: 0/0 | AB97: Apri | AC97: Apri | AD97: Apri
A98: TERZA FASCIA | B98: 46.3 | C98: FALSE | D98: ★ | E98: Birindelli S. | F98: Monza | G98: 12 | H98: Titolare fisso | I98: Titolare fisso · Consigliato Gazzetta · Novità / ritorno in A | J98: 27 | K98: Italia | L98: Dx | P98: 2 | Q98: 5.75 | R98: 5.75 | S98: 0 | T98: 0 | U98: 0/0 | AB98: Apri | AC98: Apri | AD98: Apri
A99: TERZA FASCIA | B99: 46.2 | C99: FALSE | E99: Olivera M. | F99: Napoli | G99: 16 | H99: Rotazione / riserva | I99: Rotazione / riserva | J99: 28 | K99: Uruguay, Spagna | L99: Sx | P99: 1 | Q99: 4.5 | R99: 4.5 | S99: 0 | T99: 0 | U99: 0/0 | V99: 24 | W99: 5.79 | X99: 5.73 | Y99: 0 | Z99: 0 | AA99: 0/0 | AB99: Apri | AC99: Apri | AD99: Apri
A100: TERZA FASCIA | B100: 46 | C100: FALSE | E100: Drameh C. | F100: Genoa | G100: 14 | H100: Titolare probabile | I100: Titolare probabile · Novità / ritorno in A | J100: 24 | K100: Inghilterra, Gambia | L100: Dx | P100: 0 | Q100: 0 | R100: 0 | S100: 0 | T100: 0 | U100: 0/0 | AB100: Apri | AC100: Apri | AD100: Apri
A101: TERZA FASCIA | B101: 45.5 | C101: FALSE | E101: Beukema S. | F101: Napoli | G101: 16 | H101: Ballottaggio (Marin R.) | I101: Ballottaggio (Marin R.) | J101: 27 | K101: Olanda | L101: Dx | P101: 0 | Q101: 0 | R101: 0 | S101: 0 | T101: 0 | U101: 0/0 | V101: 22 | W101: 5.89 | X101: 6.11 | Y101: 2 | Z101: 0 | AA101: 0/0 | AB101: Apri | AC101: Apri | AD101: Apri
...

Sheet Centrocampisti
A1: Centrocampisti
A2: 199 centrocampistai — quattro fasce e gerarchie d'asta
A4: Fascia | B4: Score asta | C4: ✓ | D4: Scommessa | E4: Nome | F4: Squadra attuale | G4: Quotazione Gazzetta | H4: Titolarità | I4: Tag | J4: Età | K4: Nazionalità | L4: Piede | M4: Rigorista | N4: Punizioni | O4: Stato fisico / rientro | P4: PG 26/27 | Q4: MV 26/27 | R4: FM 26/27 | S4: Gol 26/27 | T4: Assist 26/27 | U4: Rigori 26/27 | V4: PG 25/26 | W4: MV 25/26 | X4: FM 25/26 | Y4: Gol 25/26 | Z4: Assist 25/26 | AA4: Rigori 25/26 | AB4: Scheda Gazzetta | AC4: Scheda statistiche | AD4: Fonte gerarchie
A5: TOP | B5: 95.6 | C5: FALSE | D5: ★★ | E5: Calhanoglu H. | F5: Inter | G5: 65 | H5: Ballottaggio (Sucic P.) | I5: Ballottaggio (Sucic P.) · Calci piazzati · Consigliato Gazzetta · Scommessa Gazzetta · Portatore di bonus | J5: 32 | K5: Turchia, Germania | L5: Dx | N5: 1° | P5: 2 | Q5: 7 | R5: 9.75 | S5: 2 | T5: 0 | U5: 0/0 | V5: 22 | W5: 6.43 | X5: 7.55 | Y5: 9 | Z5: 4 | AA5: 4/5 | AB5: Apri | AC5: Apri | AD5: Apri
A6: TOP | B6: 93.3 | C6: FALSE | E6: Paz N. | F6: Como | G6: 57 | H6: Titolare fisso | I6: Titolare fisso · Calci piazzati · Consigliato Gazzetta · Under 23 · Garanzia voto · Portatore di bonus | J6: 21 | K6: Argentina, Spagna | L6: Sx | N6: 1° | P6: 3 | Q6: 6.33 | R6: 7.33 | S6: 1 | T6: 0 | U6: 0/0 | V6: 35 | W6: 6.41 | X6: 7.34 | Y6: 12 | Z6: 5 | AA6: 0/2 | AB6: Apri | AC6: Apri | AD6: Apri
A7: TOP | B7: 91.9 | C7: FALSE | E7: Vlasic N. | F7: Torino | G7: 50 | H7: Titolare fisso | I7: Titolare fisso · Calci piazzati · Consigliato Gazzetta · Garanzia voto · Portatore di bonus | J7: 28 | K7: Croazia | L7: Dx | N7: 1° | P7: 2 | Q7: 5.5 | R7: 5.5 | S7: 0 | T7: 0 | U7: 0/0 | V7: 37 | W7: 6.07 | X7: 6.7 | Y7: 8 | Z7: 3 | AA7: 5/5 | AB7: Apri | AC7: Apri | AD7: Apri
A8: TOP | B8: 89.5 | C8: FALSE | E8: Rabiot A. | F8: Milan | G8: 50 | H8: Titolare fisso | I8: Titolare fisso · Consigliato Gazzetta · Portatore di bonus | J8: 31 | K8: Francia | L8: Sx | P8: 2 | Q8: 6.75 | R8: 8.75 | S8: 1 | T8: 1 | U8: 0/0 | V8: 29 | W8: 6.33 | X8: 6.98 | Y8: 6 | Z8: 4 | AA8: 0/0 | AB8: Apri | AC8: Apri | AD8: Apri
A9: TOP | B9: 89.2 | C9: FALSE | E9: Baturina M. | F9: Como | G9: 47 | H9: Titolare fisso | I9: Titolare fisso · Calci piazzati · Consigliato Gazzetta · Portatore di bonus | J9: 23 | K9: Croazia | L9: Dx | N9: 3° | P9: 3 | Q9: 6.67 | R9: 8.5 | S9: 2 | T9: 0 | U9: 0/0 | V9: 25 | W9: 6.34 | X9: 7.18 | Y9: 6 | Z9: 3 | AA9: 0/0 | AB9: Apri | AC9: Apri | AD9: Apri
A10: TOP | B10: 88.6 | C10: FALSE | E10: Pulisic C. | F10: Milan | G10: 55 | H10: Titolare probabile | I10: Titolare probabile · Calci piazzati · Consigliato Gazzetta · Portatore di bonus | J10: 27 | K10: Stati Uniti, Croazia | L10: Dx | N10: 2° | P10: 0 | Q10: 0 | R10: 0 | S10: 0 | T10: 0 | U10: 0/0 | V10: 29 | W10: 6.07 | X10: 6.93 | Y10: 8 | Z10: 4 | AA10: 0/1 | AB10: Apri | AC10: Apri | AD10: Apri
A11: TOP | B11: 87.3 | C11: FALSE | E11: Orsolini R. | F11: Bologna | G11: 51 | H11: Titolare probabile | I11: Titolare probabile · Calci piazzati · Consigliato Gazzetta · Garanzia voto · Portatore di bonus · Rischio infortunio · Indisponibile ora | J11: 29 | K11: Italia | L11: Sx | N11: 1° | O11: Rientro alla 6 (ottobre) | P11: 2 | Q11: 5.75 | R11: 5.75 | S11: 0 | T11: 0 | U11: 0/0 | V11: 34 | W11: 6.1 | X11: 6.81 | Y11: 10 | Z11: 1 | AA11: 4/6 | AB11: Apri | AC11: Apri | AD11: Apri
A12: TOP | B12: 86.7 | C12: FALSE | E12: Barella N. | F12: Inter | G12: 42 | H12: Titolare fisso | I12: Titolare fisso · Consigliato Gazzetta · Garanzia voto · Portatore di bonus | J12: 29 | K12: Italia | L12: Dx | P12: 2 | Q12: 6.5 | R12: 7 | S12: 0 | T12: 1 | U12: 0/0 | V12: 34 | W12: 6.29 | X12: 6.72 | Y12: 3 | Z12: 9 | AA12: 0/0 | AB12: Apri | AC12: Apri | AD12: Apri
A13: TOP | B13: 86.3 | C13: FALSE | E13: Mctominay S. | F13: Napoli | G13: 57 | H13: Titolare probabile | I13: Titolare probabile · Consigliato Gazzetta · Garanzia voto · Portatore di bonus · Rischio infortunio · Indisponibile ora | J13: 29 | K13: Scozia, Inghilterra | L13: Dx | O13: Rientro alla 6 (ottobre) | P13: 2 | Q13: 5.5 | R13: 5.5 | S13: 0 | T13: 0 | U13: 0/0 | V13: 33 | W13: 6.35 | X13: 7.21 | Y13: 10 | Z13: 2 | AA13: 0/1 | AB13: Apri | AC13: Apri | AD13: Apri
A14: TOP | B14: 86.2 | C14: FALSE | E14: De Bruyne K. | F14: Napoli | G14: 48 | H14: Ballottaggio (Vergara A.) | I14: Ballottaggio (Vergara A.) · Calci piazzati | J14: 35 | K14: Belgio | L14: Dx | N14: 1° | P14: 2 | Q14: 6.75 | R14: 8.75 | S14: 1 | T14: 1 | U14: 0/0 | V14: 18 | W14: 6.33 | X14: 7.25 | Y14: 5 | Z14: 2 | AA14: 3/3 | AB14: Apri | AC14: Apri | AD14: Apri
A15: TOP | B15: 85.5 | C15: FALSE | E15: Bernardeschi F. | F15: Bologna | G15: 41 | H15: Titolare fisso | I15: Titolare fisso · Calci piazzati · Consigliato Gazzetta | J15: 32 | K15: Italia | L15: Sx | N15: 2° | P15: 2 | Q15: 6.5 | R15: 6.5 | S15: 0 | T15: 0 | U15: 0/0 | V15: 25 | W15: 6.08 | X15: 6.58 | Y15: 4 | Z15: 2 | AA15: 1/1 | AB15: Apri | AC15: Apri | AD15: Apri
A16: TOP | B16: 85.1 | C16: FALSE | E16: Da Cunha L. | F16: Como | G16: 45 | H16: Titolare fisso | I16: Titolare fisso · Calci piazzati · Garanzia voto · Portatore di bonus | J16: 25 | K16: Francia, Portogallo | L16: Sx | N16: 2° | P16: 3 | Q16: 6.5 | R16: 6.5 | S16: 0 | T16: 0 | U16: 0/0 | V16: 35 | W16: 6.39 | X16: 6.96 | Y16: 6 | Z16: 4 | AA16: 4/4 | AB16: Apri | AC16: Apri | AD16: Apri
A17: TOP | B17: 84.6 | C17: FALSE | D17: ★★ | E17: Atta A. | F17: Fiorentina | G17: 36 | H17: Ballottaggio (Inao Oulai C.) | I17: Ballottaggio (Inao Oulai C.) · Consigliato Gazzetta · Scommessa Gazzetta · Garanzia voto · Portatore di bonus | J17: 23 | K17: Francia, Benin | L17: Dx | P17: 2 | Q17: 4.75 | R17: 4.75 | S17: 0 | T17: 0 | U17: 0/0 | V17: 32 | W17: 6.34 | X17: 6.86 | Y17: 5 | Z17: 3 | AA17: 0/0 | AB17: Apri | AC17: Apri | AD17: Apri
A18: TOP | B18: 84.4 | C18: FALSE | E18: Kone M. | F18: Roma | G18: 41 | H18: Titolare fisso | I18: Titolare fisso · Consigliato Gazzetta | J18: 25 | K18: Francia, Costa d'Avorio | L18: Dx | P18: 2 | Q18: 6.5 | R18: 6.25 | S18: 0 | T18: 0 | U18: 0/0 | V18: 29 | W18: 6.19 | X18: 6.47 | Y18: 2 | Z18: 3 | AA18: 0/0 | AB18: Apri | AC18: Apri | AD18: Apri
A19: TOP | B19: 84.3 | C19: FALSE | E19: Zaniolo N. | F19: Udinese | G19: 48 | H19: Titolare probabile | I19: Titolare probabile · Calci piazzati · Consigliato Gazzetta · Garanzia voto · Portatore di bonus · Rischio infortunio · Indisponibile ora | J19: 27 | K19: Italia | L19: Sx | N19: 1° | O19: Rientro alla 5 (settembre) | P19: 1 | Q19: 6.5 | R19: 6.5 | S19: 0 | T19: 0 | U19: 0/0 | V19: 31 | W19: 6.24 | X19: 6.76 | Y19: 5 | Z19: 5 | AA19: 0/0 | AB19: Apri | AC19: Apri | AD19: Apri
A20: TOP | B20: 84.1 | C20: FALSE | E20: Modric L. | F20: Milan | G20: 42 | H20: Titolare fisso | I20: Titolare fisso · Calci piazzati · Garanzia voto | J20: 40 | K20: Croazia | L20: Ambidestro | N20: 1° | P20: 2 | Q20: 6.25 | R20: 6.25 | S20: 0 | T20: 0 | U20: 0/0 | V20: 33 | W20: 6.5 | X20: 6.71 | Y20: 2 | Z20: 3 | AA20: 0/0 | AB20: Apri | AC20: Apri | AD20: Apri
A21: TOP | B21: 84 | C21: FALSE | D21: ★★ | E21: Santos A. | F21: Napoli | G21: 45 | H21: Titolare fisso | I21: Titolare fisso · Scommessa Gazzetta | J21: 23 | K21: Brasile | L21: Dx | P21: 2 | Q21: 6 | R21: 6 | S21: 0 | T21: 0 | U21: 0/0 | V21: 13 | W21: 6.38 | X21: 7.27 | Y21: 4 | Z21: 0 | AA21: 0/0 | AB21: Apri | AC21: Apri | AD21: Apri
A22: TOP | B22: 83.6 | C22: FALSE | E22: Zaccagni M. | F22: Lazio | G22: 40 | H22: Titolare fisso | I22: Titolare fisso · Calci piazzati · Consigliato Gazzetta | J22: 31 | K22: Italia | L22: Dx | N22: 2° | P22: 2 | Q22: 6 | R22: 5.75 | S22: 0 | T22: 0 | U22: 0/0 | V22: 26 | W22: 5.92 | X22: 6 | Y22: 3 | Z22: 0 | AA22: 0/1 | AB22: Apri | AC22: Apri | AD22: Apri
A23: TOP | B23: 82.3 | C23: FALSE | E23: Conceicao F. | F23: Juventus | G23: 42 | H23: Titolare fisso | I23: Titolare fisso · Garanzia voto · Portatore di bonus | J23: 23 | K23: Portogallo | L23: Sx | P23: 2 | Q23: 6.5 | R23: 7 | S23: 0 | T23: 1 | U23: 0/0 | V23: 31 | W23: 6.24 | X23: 6.65 | Y23: 3 | Z23: 5 | AA23: 0/0 | AB23: Apri | AC23: Apri | AD23: Apri
A24: TOP | B24: 81.5 | C24: FALSE | E24: Ederson | F24: Atalanta | G24: 36 | H24: Titolare fisso | I24: Titolare fisso · Consigliato Gazzetta · Garanzia voto | J24: 27 | K24: Brasile | L24: Dx | P24: 2 | Q24: 6 | R24: 6 | S24: 0 | T24: 0 | U24: 0/0 | V24: 30 | W24: 6.25 | X24: 6.43 | Y24: 2 | Z24: 1 | AA24: 1/1 | AB24: Apri | AC24: Apri | AD24: Apri
A25: SEMITOP | B25: 80.5 | C25: FALSE | E25: Locatelli M. | F25: Juventus | G25: 34 | H25: Titolare fisso | I25: Titolare fisso · Calci piazzati · Consigliato Gazzetta · Garanzia voto | J25: 28 | K25: Italia | L25: Dx | N25: 2° | P25: 2 | Q25: 6.5 | R25: 6.75 | S25: 0 | T25: 1 | U25: 0/0 | V25: 36 | W25: 6.28 | X25: 6.21 | Y25: 1 | Z25: 2 | AA25: 0/1 | AB25: Apri | AC25: Apri | AD25: Apri
A26: SEMITOP | B26: 79.8 | C26: FALSE | E26: Taylor K. | F26: Lazio | G26: 35 | H26: Titolare fisso | I26: Titolare fisso · Consigliato Gazzetta | J26: 24 | K26: Olanda | L26: Sx | P26: 2 | Q26: 6.25 | R26: 6.25 | S26: 0 | T26: 0 | U26: 0/0 | V26: 17 | W26: 6.03 | X26: 6.53 | Y26: 3 | Z26: 2 | AA26: 0/0 | AB26: Apri | AC26: Apri | AD26: Apri
A27: SEMITOP | B27: 77.9 | C27: FALSE | D27: ★★ | E27: Ekkelenkamp J. | F27: Udinese | G27: 33 | H27: Titolare fisso | I27: Titolare fisso · Calci piazzati · Scommessa Gazzetta · Garanzia voto · Portatore di bonus | J27: 26 | K27: Olanda | L27: Dx | N27: 2° | P27: 2 | Q27: 6.75 | R27: 8.75 | S27: 1 | T27: 1 | U27: 0/0 | V27: 31 | W27: 6 | X27: 6.56 | Y27: 5 | Z27: 3 | AA27: 0/0 | AB27: Apri | AC27: Apri | AD27: Apri
A28: SEMITOP | B28: 76.4 | C28: FALSE | E28: Zielinski P. | F28: Inter | G28: 41 | H28: Rotazione / riserva | I28: Rotazione / riserva · Calci piazzati · Consigliato Gazzetta · Garanzia voto · Portatore di bonus | J28: 32 | K28: Polonia | L28: Dx | N28: 3° | P28: 2 | Q28: 6.5 | R28: 8 | S28: 1 | T28: 0 | U28: 0/0 | V28: 31 | W28: 6.35 | X28: 6.89 | Y28: 6 | Z28: 2 | AA28: 1/1 | AB28: Apri | AC28: Apri | AD28: Apri
A29: SEMITOP | B29: 76.3 | C29: FALSE | E29: Perrone M. | F29: Como | G29: 34 | H29: Ballottaggio (Milla L.) | I29: Ballottaggio (Milla L.) · Garanzia voto | J29: 23 | K29: Argentina | L29: Sx | P29: 3 | Q29: 6 | R29: 6 | S29: 0 | T29: 0 | U29: 0/0 | V29: 36 | W29: 6.31 | X29: 6.56 | Y29: 3 | Z29: 4 | AA29: 0/0 | AB29: Apri | AC29: Apri | AD29: Apri
A30: SEMITOP | B30: 75.7 | C30: FALSE | D30: ★★ | E30: Mastantuono F. | F30: Fiorentina | G30: 33 | H30: Titolare fisso | I30: Titolare fisso · Calci piazzati · Consigliato Gazzetta · Under 23 · Novità / ritorno in A | J30: 19 | K30: Argentina | L30: Sx | N30: 1° | P30: 2 | Q30: 5.5 | R30: 5.5 | S30: 0 | T30: 0 | U30: 0/0 | AB30: Apri | AC30: Apri | AD30: Apri
A31: SEMITOP | B31: 75.1 | C31: FALSE | E31: Mckennie W. | F31: Juventus | G31: 41 | H31: Titolare probabile | I31: Titolare probabile · Garanzia voto · Portatore di bonus · Rischio infortunio · Indisponibile ora | J31: 28 | K31: Stati Uniti | L31: Dx | O31: Da valutare | P31: 1 | Q31: 6 | R31: 6 | S31: 0 | T31: 0 | U31: 0/0 | V31: 34 | W31: 6.18 | X31: 6.72 | Y31: 5 | Z31: 6 | AA31: 0/0 | AB31: Apri | AC31: Apri | AD31: Apri
A32: SEMITOP | B32: 74.3 | C32: FALSE | E32: Cristante B. | F32: Roma | G32: 33 | H32: Titolare fisso | I32: Titolare fisso · Garanzia voto | J32: 31 | K32: Italia, Canada | L32: Dx | P32: 2 | Q32: 6.5 | R32: 6.5 | S32: 0 | T32: 0 | U32: 0/0 | V32: 37 | W32: 6.09 | X32: 6.2 | Y32: 2 | Z32: 1 | AA32: 0/0 | AB32: Apri | AC32: Apri | AD32: Apri
A33: SEMITOP | B33: 73.1 | C33: FALSE | E33: Thorstvedt K. | F33: Sassuolo | G33: 38 | H33: Ballottaggio (Adzic V.) | I33: Ballottaggio (Adzic V.) · Consigliato Gazzetta · Garanzia voto | J33: 27 | K33: Norvegia | L33: Sx | P33: 2 | Q33: 6.25 | R33: 6.25 | S33: 0 | T33: 0 | U33: 0/0 | V33: 31 | W33: 6.27 | X33: 6.61 | Y33: 4 | Z33: 3 | AA33: 0/0 | AB33: Apri | AC33: Apri | AD33: Apri
A34: SEMITOP | B34: 72.9 | C34: FALSE | D34: ★★ | E34: Saelemaekers A. | F34: Milan | G34: 39 | H34: Rotazione / riserva | I34: Rotazione / riserva · Calci piazzati · Scommessa Gazzetta · Garanzia voto | J34: 27 | K34: Belgio | L34: Dx | N34: 3° | P34: 2 | Q34: 6.5 | R34: 7 | S34: 0 | T34: 1 | U34: 0/0 | V34: 35 | W34: 6.23 | X34: 6.5 | Y34: 3 | Z34: 3 | AA34: 0/0 | AB34: Apri | AC34: Apri | AD34: Apri
A35: SEMITOP | B35: 72.7 | C35: FALSE | E35: Jones C. | F35: Inter | G35: 38 | H35: Titolare probabile | I35: Titolare probabile · Novità / ritorno in A | J35: 25 | K35: Inghilterra | L35: Dx | P35: 1 | Q35: 6 | R35: 6 | S35: 0 | T35: 0 | U35: 0/0 | AB35: Apri | AC35: Apri | AD35: Apri
A36: SEMITOP | B36: 71.9 | C36: FALSE | E36: Frattesi D. | F36: Lazio | G36: 30 | H36: Titolare fisso | I36: Titolare fisso · Consigliato Gazzetta | J36: 26 | K36: Italia | L36: Dx | P36: 2 | Q36: 7.25 | R36: 10.25 | S36: 2 | T36: 0 | U36: 0/0 | V36: 15 | W36: 5.9 | X36: 5.9 | Y36: 0 | Z36: 0 | AA36: 0/0 | AB36: Apri | AC36: Apri | AD36: Apri
A37: SEMITOP | B37: 71.8 | C37: FALSE | E37: Anguissa A. | F37: Napoli | G37: 31 | H37: Titolare fisso | I37: Titolare fisso | J37: 30 | K37: Camerun | L37: Dx | P37: 2 | Q37: 5.25 | R37: 5.25 | S37: 0 | T37: 0 | U37: 0/0 | V37: 18 | W37: 6.14 | X37: 6.83 | Y37: 4 | Z37: 1 | AA37: 0/0 | AB37: Apri | AC37: Apri | AD37: Apri
A38: SEMITOP | B38: 71.7 | C38: FALSE | E38: Gudmundsson A. | F38: Lazio | G38: 38 | H38: Rotazione / riserva | I38: Rotazione / riserva · Consigliato Gazzetta · Portatore di bonus | J38: 29 | K38: Islanda | L38: Dx | P38: 1 | Q38: 4.5 | R38: 4 | S38: 0 | T38: 0 | U38: 0/0 | V38: 32 | W38: 5.77 | X38: 6.23 | Y38: 5 | Z38: 3 | AA38: 3/3 | AB38: Apri | AC38: Apri | AD38: Apri
A39: SEMITOP | B39: 71.4 | C39: FALSE | E39: Mandragora R. | F39: Torino | G39: 30 | H39: Titolare fisso | I39: Titolare fisso · Garanzia voto · Portatore di bonus | J39: 29 | K39: Italia | L39: Sx | P39: 2 | Q39: 5.25 | R39: 5.25 | S39: 0 | T39: 0 | U39: 0/0 | V39: 34 | W39: 5.99 | X39: 6.56 | Y39: 7 | Z39: 2 | AA39: 1/1 | AB39: Apri | AC39: Apri | AD39: Apri
A40: SEMITOP | B40: 70.1 | C40: FALSE | D40: ★★★ | E40: Moreira D. | F40: Milan | G40: 34 | H40: Ballottaggio (Chukwueze S.) | I40: Ballottaggio (Chukwueze S.) · Scommessa Gazzetta · Under 23 · Novità / ritorno in A | J40: 22 | K40: Portogallo, Belgio | L40: Sx | P40: 0 | Q40: 0 | R40: 0 | S40: 0 | T40: 0 | U40: 0/0 | AB40: Apri | AC40: Apri | AD40: Apri
A41: SEMITOP | B41: 69.3 | C41: FALSE | E41: Bernabe A. | F41: Parma | G41: 28 | H41: Titolare probabile | I41: Titolare probabile · Calci piazzati · Consigliato Gazzetta · Garanzia voto · Rischio infortunio · Indisponibile ora | J41: 25 | K41: Spagna | L41: Sx | N41: 1° | O41: Da valutare | P41: 2 | Q41: 5.75 | R41: 5.75 | S41: 0 | T41: 0 | U41: 0/0 | V41: 32 | W41: 6.08 | X41: 6.39 | Y41: 3 | Z41: 1 | AA41: 0/0 | AB41: Apri | AC41: Apri | AD41: Apri
A42: SEMITOP | B42: 69.2 | C42: FALSE | D42: ★★ | E42: Chukwueze S. | F42: Milan | G42: 30 | H42: Ballottaggio (Moreira D.) | I42: Ballottaggio (Moreira D.) · Scommessa Gazzetta | J42: 27 | K42: Nigeria | L42: Sx | P42: 2 | Q42: 6.75 | R42: 7.25 | S42: 0 | T42: 1 | U42: 0/0 | V42: 1 | W42: 5.5 | X42: 5.5 | Y42: 0 | Z42: 0 | AA42: 0/0 | AB42: Apri | AC42: Apri | AD42: Apri
A43: SEMITOP | B43: 68.3 | C43: FALSE | E43: Politano M. | F43: Napoli | G43: 35 | H43: Rotazione / riserva | I43: Rotazione / riserva · Calci piazzati · Garanzia voto | J43: 33 | K43: Italia | L43: Sx | N43: 2° | P43: 2 | Q43: 5.5 | R43: 5.25 | S43: 0 | T43: 0 | U43: 0/0 | V43: 33 | W43: 6.06 | X43: 6.33 | Y43: 2 | Z43: 5 | AA43: 0/0 | AB43: Apri | AC43: Apri | AD43: Apri
A44: SEMITOP | B44: 68 | C44: FALSE | D44: ★★★ | E44: Mora R. | F44: Roma | G44: 30 | H44: Titolare fisso | I44: Titolare fisso · Scommessa Gazzetta · Under 23 · Novità / ritorno in A | J44: 19 | K44: Portogallo | L44: Dx | P44: 2 | Q44: 6.5 | R44: 8 | S44: 1 | T44: 0 | U44: 0/0 | AB44: Apri | AC44: Apri | AD44: Apri
A45: SEMITOP | B45: 66.1 | C45: FALSE | E45: Lobotka S. | F45: Napoli | G45: 27 | H45: Titolare fisso | I45: Titolare fisso · Garanzia voto | J45: 31 | K45: Slovacchia | L45: Ambidestro | P45: 2 | Q45: 6.25 | R45: 6.25 | S45: 0 | T45: 0 | U45: 0/0 | V45: 31 | W45: 6.08 | X45: 6.13 | Y45: 1 | Z45: 0 | AA45: 0/0 | AB45: Apri | AC45: Apri | AD45: Apri
A46: SEMITOP | B46: 65.6 | C46: FALSE | E46: Karlstrom J. | F46: Udinese | G46: 23 | H46: Titolare fisso | I46: Titolare fisso · Consigliato Gazzetta · Garanzia voto | J46: 31 | K46: Svezia | L46: Dx | P46: 2 | Q46: 6 | R46: 6 | S46: 0 | T46: 0 | U46: 0/0 | V46: 36 | W46: 5.9 | X46: 5.9 | Y46: 1 | Z46: 0 | AA46: 0/0 | AB46: Apri | AC46: Apri | AD46: Apri
A47: SEMITOP | B47: 65.5 | C47: FALSE | D47: ★ | E47: Calo G. | F47: Frosinone | G47: 24 | H47: Titolare fisso | I47: Titolare fisso · Calci piazzati · Consigliato Gazzetta · Novità / ritorno in A | J47: 29 | K47: Italia | L47: Dx | N47: 1° | P47: 2 | Q47: 6.5 | R47: 7 | S47: 0 | T47: 1 | U47: 0/0 | AB47: Apri | AC47: Apri | AD47: Apri
A48: SEMITOP | B48: 65.5 | C48: FALSE | E48: Caqueret M. | F48: Como | G48: 34 | H48: Rotazione / riserva | I48: Rotazione / riserva | J48: 26 | K48: Francia | L48: Dx | P48: 2 | Q48: 6 | R48: 6 | S48: 0 | T48: 0 | U48: 0/0 | V48: 29 | W48: 6.12 | X48: 6.41 | Y48: 2 | Z48: 4 | AA48: 0/0 | AB48: Apri | AC48: Apri | AD48: Apri
A49: SEMITOP | B49: 65.5 | C49: FALSE | E49: Pierotti S. | F49: Lecce | G49: 24 | H49: Titolare fisso | I49: Titolare fisso · Calci piazzati | J49: 25 | K49: Argentina, Italia | L49: Dx | N49: 1° | P49: 2 | Q49: 5.75 | R49: 5.75 | S49: 0 | T49: 0 | U49: 0/0 | V49: 37 | W49: 5.73 | X49: 5.78 | Y49: 1 | Z49: 1 | AA49: 0/0 | AB49: Apri | AC49: Apri | AD49: Apri
A50: SEMITOP | B50: 65.2 | C50: FALSE | E50: Pellegrini L. | F50: Roma | G50: 44 | H50: Rotazione / riserva | I50: Rotazione / riserva · Calci piazzati · Rischio infortunio · Indisponibile ora | J50: 30 | K50: Italia | L50: Dx | N50: 2° | O50: Da valutare | P50: 0 | Q50: 0 | R50: 0 | S50: 0 | T50: 0 | U50: 0/0 | V50: 24 | W50: 6.04 | X50: 6.58 | Y50: 4 | Z50: 2 | AA50: 2/2 | AB50: Apri | AC50: Apri | AD50: Apri
A51: SEMITOP | B51: 64.8 | C51: FALSE | E51: Kessie F. | F51: Atalanta | G51: 31 | H51: Titolare probabile | I51: Titolare probabile · Novità / ritorno in A | J51: 29 | K51: Costa d'Avorio | L51: Dx | P51: 0 | Q51: 0 | R51: 0 | S51: 0 | T51: 0 | U51: 0/0 | AB51: Apri | AC51: Apri | AD51: Apri
A52: SEMITOP | B52: 64.1 | C52: FALSE | E52: Goncalves P. | F52: Fiorentina | G52: 35 | H52: Rotazione / riserva | I52: Rotazione / riserva | J52: 28 | K52: Portogallo | L52: Dx | P52: 0 | Q52: 0 | R52: 0 | S52: 0 | T52: 0 | U52: 0/0 | V52: 23 | W52: 6.07 | X52: 6.72 | Y52: 5 | Z52: 2 | AA52: 2/2 | AB52: Apri | AC52: Apri | AD52: Apri
A53: SEMITOP | B53: 63.8 | C53: FALSE | D53: ★★ | E53: Pisilli N. | F53: Roma | G53: 31 | H53: Rotazione / riserva | I53: Rotazione / riserva · Scommessa Gazzetta · Under 23 | J53: 21 | K53: Italia | L53: Dx | P53: 2 | Q53: 6.25 | R53: 7.75 | S53: 1 | T53: 0 | U53: 0/0 | V53: 23 | W53: 6.07 | X53: 6.43 | Y53: 2 | Z53: 4 | AA53: 0/0 | AB53: Apri | AC53: Apri | AD53: Apri
A54: SEMITOP | B54: 62.6 | C54: FALSE | D54: ★★ | E54: Gaetano G. | F54: Atalanta | G54: 21 | H54: Titolare fisso | I54: Titolare fisso · Calci piazzati · Scommessa Gazzetta · Garanzia voto | J54: 26 | K54: Italia | L54: Dx | N54: 3° | P54: 2 | Q54: 6 | R54: 6.5 | S54: 0 | T54: 1 | U54: 0/0 | V54: 32 | W54: 6.08 | X54: 6.33 | Y54: 2 | Z54: 4 | AA54: 0/0 | AB54: Apri | AC54: Apri | AD54: Apri
A55: TERZA FASCIA | B55: 62 | C55: FALSE | E55: Samardzic L. | F55: Atalanta | G55: 31 | H55: Rotazione / riserva | I55: Rotazione / riserva · Calci piazzati | J55: 24 | K55: Germania, Serbia | L55: Sx | N55: 2° | P55: 2 | Q55: 6.5 | R55: 8 | S55: 1 | T55: 0 | U55: 0/0 | V55: 22 | W55: 5.86 | X55: 6.2 | Y55: 2 | Z55: 2 | AA55: 0/0 | AB55: Apri | AC55: Apri | AD55: Apri
A56: TERZA FASCIA | B56: 61.8 | C56: FALSE | E56: Matic N. | F56: Sassuolo | G56: 23 | H56: Titolare fisso | I56: Titolare fisso · Garanzia voto | J56: 38 | K56: Serbia, Slovacchia | L56: Sx | P56: 2 | Q56: 6 | R56: 5.75 | S56: 0 | T56: 0 | U56: 0/0 | V56: 34 | W56: 6 | X56: 6 | Y56: 1 | Z56: 1 | AA56: 0/0 | AB56: Apri | AC56: Apri | AD56: Apri
A57: TERZA FASCIA | B57: 61.6 | C57: FALSE | E57: Fagioli N. | F57: Fiorentina | G57: 30 | H57: Rotazione / riserva | I57: Rotazione / riserva · Calci piazzati · Garanzia voto | J57: 25 | K57: Italia | L57: Dx | N57: 2° | P57: 2 | Q57: 5.25 | R57: 5 | S57: 0 | T57: 0 | U57: 0/0 | V57: 33 | W57: 6.08 | X57: 6.27 | Y57: 2 | Z57: 3 | AA57: 0/0 | AB57: Apri | AC57: Apri | AD57: Apri
A58: TERZA FASCIA | B58: 60.5 | C58: FALSE | E58: Mkhitaryan H. | F58: Inter | G58: 32 | H58: Rotazione / riserva | I58: Rotazione / riserva | J58: 37 | K58: Armenia | L58: Ambidestro | P58: 0 | Q58: 0 | R58: 0 | S58: 0 | T58: 0 | U58: 0/0 | V58: 28 | W58: 6.12 | X58: 6.5 | Y58: 4 | Z58: 1 | AA58: 0/0 | AB58: Apri | AC58: Apri | AD58: Apri
A59: TERZA FASCIA | B59: 60.5 | C59: FALSE | E59: Sucic P. | F59: Inter | G59: 27 | H59: Ballottaggio (Calhanoglu H.) | I59: Ballottaggio (Calhanoglu H.) · Consigliato Gazzetta · Under 23 | J59: 22 | K59: Croazia, Bosnia Erzegovina | L59: Dx | P59: 2 | Q59: 6 | R59: 6 | S59: 0 | T59: 0 | U59: 0/0 | V59: 28 | W59: 5.96 | X59: 6.16 | Y59: 2 | Z59: 2 | AA59: 0/0 | AB59: Apri | AC59: Apri | AD59: Apri
A60: TERZA FASCIA | B60: 60.1 | C60: FALSE | E60: Keita M. | F60: Parma | G60: 20 | H60: Titolare fisso | I60: Titolare fisso · Consigliato Gazzetta · Garanzia voto | J60: 24 | K60: Belgio, Guinea | L60: Dx | P60: 2 | Q60: 5.5 | R60: 5.5 | S60: 0 | T60: 0 | U60: 0/0 | V60: 36 | W60: 6 | X60: 6.04 | Y60: 1 | Z60: 1 | AA60: 0/0 | AB60: Apri | AC60: Apri | AD60: Apri
A61: TERZA FASCIA | B61: 59.4 | C61: FALSE | E61: Pasalic M. | F61: Atalanta | G61: 29 | H61: Rotazione / riserva | I61: Rotazione / riserva · Garanzia voto | J61: 31 | K61: Croazia | L61: Dx | P61: 2 | Q61: 5.75 | R61: 5.75 | S61: 0 | T61: 0 | U61: 0/0 | V61: 32 | W61: 5.94 | X61: 6.27 | Y61: 3 | Z61: 3 | AA61: 0/0 | AB61: Apri | AC61: Apri | AD61: Apri
A62: TERZA FASCIA | B62: 59.1 | C62: FALSE | E62: Kone I. | F62: Sassuolo | G62: 31 | H62: Rotazione / riserva | I62: Rotazione / riserva · Consigliato Gazzetta · Garanzia voto · Rischio infortunio · Indisponibile ora | J62: 24 | K62: Canada, Costa d'Avorio | L62: Dx | O62: Da valutare | P62: 0 | Q62: 0 | R62: 0 | S62: 0 | T62: 0 | U62: 0/0 | V62: 35 | W62: 6.19 | X62: 6.63 | Y62: 6 | Z62: 0 | AA62: 0/0 | AB62: Apri | AC62: Apri | AD62: Apri
A63: TERZA FASCIA | B63: 58.9 | C63: FALSE | E63: Frendrup M. | F63: Genoa | G63: 21 | H63: Titolare fisso | I63: Titolare fisso · Garanzia voto | J63: 25 | K63: Danimarca | L63: Dx | P63: 3 | Q63: 5.83 | R63: 5.83 | S63: 0 | T63: 0 | U63: 0/0 | V63: 36 | W63: 6 | X63: 6.01 | Y63: 1 | Z63: 0 | AA63: 0/0 | AB63: Apri | AC63: Apri | AD63: Apri
A64: TERZA FASCIA | B64: 58.6 | C64: FALSE | D64: ★★★ | E64: Baldanzi T. | F64: Genoa | G64: 20 | H64: Titolare fisso | I64: Titolare fisso · Calci piazzati · Scommessa Gazzetta | J64: 23 | K64: Italia | L64: Sx | N64: 1° | P64: 3 | Q64: 5.83 | R64: 5.83 | S64: 0 | T64: 0 | U64: 0/0 | V64: 17 | W64: 6 | X64: 6.24 | Y64: 1 | Z64: 2 | AA64: 0/0 | AB64: Apri | AC64: Apri | AD64: Apri
A65: TERZA FASCIA | B65: 58.2 | C65: FALSE | E65: Loftus-cheek R. | F65: Milan | G65: 29 | H65: Rotazione / riserva | I65: Rotazione / riserva | J65: 30 | K65: Inghilterra, Giamaica | L65: Dx | P65: 2 | Q65: 5.5 | R65: 5.25 | S65: 0 | T65: 0 | U65: 0/0 | V65: 22 | W65: 6.07 | X65: 6.48 | Y65: 3 | Z65: 1 | AA65: 0/0 | AB65: Apri | AC65: Apri | AD65: Apri
A66: TERZA FASCIA | B66: 57.4 | C66: FALSE | E66: Volpato C. | F66: Sassuolo | G66: 28 | H66: Ballottaggio (Berardi D.) | I66: Ballottaggio (Berardi D.) · Under 23 | J66: 22 | K66: Italia, Australia | L66: Sx | P66: 2 | Q66: 6.5 | R66: 7.75 | S66: 1 | T66: 0 | U66: 0/0 | V66: 21 | W66: 6.05 | X66: 6.43 | Y66: 2 | Z66: 4 | AA66: 0/0 | AB66: Apri | AC66: Apri | AD66: Apri
A67: TERZA FASCIA | B67: 57.4 | C67: FALSE | E67: Ferguson L. | F67: Bologna | G67: 21 | H67: Titolare fisso | I67: Titolare fisso | J67: 27 | K67: Scozia | L67: Dx | P67: 2 | Q67: 6.25 | R67: 6.25 | S67: 0 | T67: 0 | U67: 0/0 | V67: 23 | W67: 5.87 | X67: 5.85 | Y67: 1 | Z67: 0 | AA67: 0/0 | AB67: Apri | AC67: Apri | AD67: Apri
A68: TERZA FASCIA | B68: 56.9 | C68: FALSE | E68: Maldini D. | F68: Cagliari | G68: 20 | H68: Titolare fisso | I68: Titolare fisso · Calci piazzati | J68: 24 | K68: Italia, Venezuela | L68: Dx | N68: 1° | P68: 2 | Q68: 5.75 | R68: 5.75 | S68: 0 | T68: 0 | U68: 0/0 | V68: 18 | W68: 5.97 | X68: 6.33 | Y68: 2 | Z68: 1 | AA68: 0/0 | AB68: Apri | AC68: Apri | AD68: Apri
A69: TERZA FASCIA | B69: 56.2 | C69: FALSE | E69: Adopo M. | F69: Cagliari | G69: 20 | H69: Titolare fisso | I69: Titolare fisso | J69: 26 | K69: Francia, Costa d'Avorio | L69: Dx | P69: 2 | Q69: 6 | R69: 6.5 | S69: 0 | T69: 1 | U69: 0/0 | V69: 38 | W69: 5.89 | X69: 5.95 | Y69: 1 | Z69: 1 | AA69: 0/0 | AB69: Apri | AC69: Apri | AD69: Apri
A70: TERZA FASCIA | B70: 56 | C70: FALSE | E70: Coulibaly L. | F70: Lecce | G70: 18 | H70: Titolare fisso | I70: Titolare fisso · Consigliato Gazzetta · Garanzia voto | J70: 30 | K70: Mali | L70: Dx | P70: 2 | Q70: 6 | R70: 6.5 | S70: 0 | T70: 1 | U70: 0/0 | V70: 33 | W70: 6.03 | X70: 6.27 | Y70: 3 | Z70: 1 | AA70: 0/0 | AB70: Apri | AC70: Apri | AD70: Apri
A71: TERZA FASCIA | B71: 55.8 | C71: FALSE | E71: Koopmeiners T. | F71: Juventus | G71: 29 | H71: Rotazione / riserva | I71: Rotazione / riserva | J71: 28 | K71: Olanda | L71: Sx | P71: 1 | Q71: 7 | R71: 10 | S71: 1 | T71: 0 | U71: 0/0 | V71: 30 | W71: 5.72 | X71: 5.63 | Y71: 0 | Z71: 0 | AA71: 0/0 | AB71: Apri | AC71: Apri | AD71: Apri
A72: TERZA FASCIA | B72: 55.5 | C72: FALSE | E72: Zalewski N. | F72: Atalanta | G72: 25 | H72: Rotazione / riserva | I72: Rotazione / riserva · Garanzia voto | J72: 24 | K72: Polonia | L72: Dx | P72: 2 | Q72: 6 | R72: 6.5 | S72: 0 | T72: 1 | U72: 0/0 | V72: 31 | W72: 6.08 | X72: 6.39 | Y72: 2 | Z72: 5 | AA72: 0/0 | AB72: Apri | AC72: Apri | AD72: Apri
A73: TERZA FASCIA | B73: 55.2 | C73: FALSE | D73: ★★ | E73: Vergara A. | F73: Napoli | G73: 27 | H73: Ballottaggio (De Bruyne K.) | I73: Ballottaggio (De Bruyne K.) · Scommessa Gazzetta | J73: 23 | K73: Italia | L73: Sx | P73: 1 | Q73: 7.5 | R73: 11.5 | S73: 1 | T73: 1 | U73: 0/0 | V73: 9 | W73: 6.11 | X73: 6.33 | Y73: 1 | Z73: 0 | AA73: 0/0 | AB73: Apri | AC73: Apri | AD73: Apri
A74: TERZA FASCIA | B74: 54.9 | C74: FALSE | D74: ★ | E74: Busio G. | F74: Venezia | G74: 16 | H74: Titolare fisso | I74: Titolare fisso · Rigorista principale · Calci piazzati · Consigliato Gazzetta · Novità / ritorno in A | J74: 24 | K74: Stati Uniti, Italia | L74: Dx | M74: 1° | N74: 1° | P74: 2 | Q74: 6.25 | R74: 6.25 | S74: 0 | T74: 0 | U74: 0/0 | AB74: Apri | AC74: Apri | AD74: Apri
A75: TERZA FASCIA | B75: 54.9 | C75: FALSE | E75: Odgaard J. | F75: Bologna | G75: 25 | H75: Rotazione / riserva | I75: Rotazione / riserva | J75: 27 | K75: Danimarca | L75: Sx | P75: 2 | Q75: 5.75 | R75: 5.5 | S75: 0 | T75: 0 | U75: 0/0 | V75: 22 | W75: 5.91 | X75: 6.61 | Y75: 5 | Z75: 1 | AA75: 0/0 | AB75: Apri | AC75: Apri | AD75: Apri
A76: TERZA FASCIA | B76: 54.2 | C76: FALSE | E76: Messias J. | F76: Genoa | G76: 25 | H76: Rotazione / riserva | I76: Rotazione / riserva | J76: 35 | K76: Brasile | L76: Sx | P76: 3 | Q76: 6 | R76: 6 | S76: 0 | T76: 0 | U76: 0/0 | V76: 19 | W76: 6.16 | X76: 6.66 | Y76: 3 | Z76: 1 | AA76: 1/1 | AB76: Apri | AC76: Apri | AD76: Apri
A77: TERZA FASCIA | B77: 54 | C77: FALSE | E77: Thuram K. | F77: Juventus | G77: 34 | H77: Rotazione / riserva | I77: Rotazione / riserva · Garanzia voto · Rischio infortunio · Indisponibile ora · Rientro lungo | J77: 25 | K77: Francia, Guadalupa | L77: Dx | O77: Rientro alla 19 (gennaio) | P77: 0 | Q77: 0 | R77: 0 | S77: 0 | T77: 0 | U77: 0/0 | V77: 35 | W77: 6.03 | X77: 6.31 | Y77: 3 | Z77: 2 | AA77: 0/0 | AB77: Apri | AC77: Apri | AD77: Apri
A78: TERZA FASCIA | B78: 54 | C78: FALSE | E78: Luis Henrique | F78: Inter | G78: 25 | H78: Rotazione / riserva | I78: Rotazione / riserva | J78: 24 | K78: Brasile | L78: Dx | P78: 2 | Q78: 6 | R78: 6 | S78: 0 | T78: 0 | U78: 0/0 | V78: 27 | W78: 5.87 | X78: 6.04 | Y78: 1 | Z78: 2 | AA78: 0/0 | AB78: Apri | AC78: Apri | AD78: Apri
A79: TERZA FASCIA | B79: 53.8 | C79: FALSE | E79: Pobega T. | F79: Bologna | G79: 20 | H79: Ballottaggio (Moro N.) | I79: Ballottaggio (Moro N.) | J79: 27 | K79: Italia | L79: Ambidestro | P79: 1 | Q79: 6 | R79: 6 | S79: 0 | T79: 0 | U79: 0/0 | V79: 23 | W79: 5.87 | X79: 6.22 | Y79: 3 | Z79: 1 | AA79: 0/0 | AB79: Apri | AC79: Apri | AD79: Apri
A80: TERZA FASCIA | B80: 53 | C80: FALSE | D80: ★★ | E80: Basic T. | F80: Venezia | G80: 18 | H80: Titolare fisso | I80: Titolare fisso · Scommessa Gazzetta | J80: 29 | K80: Croazia | L80: Sx | P80: 2 | Q80: 5.5 | R80: 5.5 | S80: 0 | T80: 0 | U80: 0/0 | V80: 23 | W80: 5.98 | X80: 6.33 | Y80: 2 | Z80: 3 | AA80: 0/0 | AB80: Apri | AC80: Apri | AD80: Apri
A81: TERZA FASCIA | B81: 52.8 | C81: FALSE | E81: De Roon M. | F81: Roma | G81: 26 | H81: Rotazione / riserva | I81: Rotazione / riserva · Garanzia voto | J81: 35 | K81: Olanda | L81: Dx | P81: 0 | Q81: 0 | R81: 0 | S81: 0 | T81: 0 | U81: 0/0 | V81: 34 | W81: 5.97 | X81: 6 | Y81: 1 | Z81: 2 | AA81: 0/0 | AB81: Apri | AC81: Apri | AD81: Apri
A82: TERZA FASCIA | B82: 52 | C82: FALSE | E82: Fazzini J. | F82: Cagliari | G82: 17 | H82: Titolare fisso | I82: Titolare fisso · Calci piazzati · Consigliato Gazzetta | J82: 23 | K82: Italia | L82: Dx | N82: 2° | P82: 2 | Q82: 5.5 | R82: 5.25 | S82: 0 | T82: 0 | U82: 0/0 | V82: 12 | W82: 5.79 | X82: 5.75 | Y82: 0 | Z82: 0 | AA82: 0/0 | AB82: Apri | AC82: Apri | AD82: Apri
A83: TERZA FASCIA | B83: 51.8 | C83: FALSE | E83: Elmas E. | F83: Atalanta | G83: 24 | H83: Ballottaggio (Rowe J. / Raspadori G.) | I83: Ballottaggio (Rowe J. / Raspadori G.) | J83: 26 | K83: Macedonia del Nord | L83: Dx | P83: 1 | Q83: 5.5 | R83: 5.5 | S83: 0 | T83: 0 | U83: 0/0 | V83: 31 | W83: 5.84 | X83: 5.98 | Y83: 1 | Z83: 3 | AA83: 0/0 | AB83: Apri | AC83: Apri | AD83: Apri
A84: TERZA FASCIA | B84: 51.8 | C84: FALSE | E84: Fabbian G. | F84: Parma | G84: 20 | H84: Titolare probabile | I84: Titolare probabile | J84: 23 | K84: Italia | L84: Dx | P84: 0 | Q84: 0 | R84: 0 | S84: 0 | T84: 0 | U84: 0/0 | V84: 22 | W84: 5.75 | X84: 6 | Y84: 2 | Z84: 0 | AA84: 0/0 | AB84: Apri | AC84: Apri | AD84: Apri
A85: TERZA FASCIA | B85: 51.7 | C85: FALSE | E85: Gineitis G. | F85: Torino | G85: 23 | H85: Rotazione / riserva | I85: Rotazione / riserva · Calci piazzati · Under 23 | J85: 22 | K85: Lituania | L85: Sx | N85: 3° | P85: 2 | Q85: 5.25 | R85: 5.5 | S85: 0 | T85: 1 | U85: 0/0 | V85: 28 | W85: 5.82 | X85: 5.77 | Y85: 0 | Z85: 1 | AA85: 0/0 | AB85: Apri | AC85: Apri | AD85: Apri
A86: TERZA FASCIA | B86: 51.3 | C86: FALSE | E86: Casadei C. | F86: Torino | G86: 27 | H86: Rotazione / riserva | I86: Rotazione / riserva · Garanzia voto · Rischio infortunio · Indisponibile ora | J86: 23 | K86: Italia | L86: Dx | O86: Da valutare | P86: 1 | Q86: 5 | R86: 5 | S86: 0 | T86: 0 | U86: 0/0 | V86: 32 | W86: 6.03 | X86: 6.52 | Y86: 6 | Z86: 0 | AA86: 0/0 | AB86: Apri | AC86: Apri | AD86: Apri
A87: TERZA FASCIA | B87: 51.2 | C87: FALSE | E87: Piotrowski J. | F87: Udinese | G87: 23 | H87: Rotazione / riserva | I87: Rotazione / riserva | J87: 28 | K87: Polonia | L87: Dx | P87: 2 | Q87: 6.25 | R87: 7.5 | S87: 1 | T87: 0 | U87: 0/0 | V87: 31 | W87: 5.84 | X87: 5.9 | Y87: 1 | Z87: 0 | AA87: 0/0 | AB87: Apri | AC87: Apri | AD87: Apri
A88: TERZA FASCIA | B88: 50.3 | C88: FALSE | D88: ★ | E88: Perez K. | F88: Venezia | G88: 17 | H88: Titolare fisso | I88: Titolare fisso · Calci piazzati · Consigliato Gazzetta · Novità / ritorno in A | J88: 29 | K88: Spagna | L88: Sx | N88: 3° | P88: 2 | Q88: 5.75 | R88: 5.5 | S88: 0 | T88: 0 | U88: 0/0 | AB88: Apri | AC88: Apri | AD88: Apri
A89: TERZA FASCIA | B89: 50.1 | C89: FALSE | E89: Ricci S. | F89: Como | G89: 23 | H89: Rotazione / riserva | I89: Rotazione / riserva | J89: 25 | K89: Italia | L89: Dx | P89: 1 | Q89: 6 | R89: 6 | S89: 0 | T89: 0 | U89: 0/0 | V89: 29 | W89: 5.98 | X89: 6.16 | Y89: 1 | Z89: 3 | AA89: 0/0 | AB89: Apri | AC89: Apri | AD89: Apri
A90: TERZA FASCIA | B90: 50 | C90: FALSE | E90: Berisha M. | F90: Lecce | G90: 21 | H90: Rotazione / riserva | I90: Rotazione / riserva · Calci piazzati · Consigliato Gazzetta · Under 23 | J90: 22 | K90: Svizzera, Kosovo | L90: Dx | N90: 2° | P90: 0 | Q90: 0 | R90: 0 | S90: 0 | T90: 0 | U90: 0/0 | V90: 12 | W90: 6.25 | X90: 7 | Y90: 2 | Z90: 3 | AA90: 0/0 | AB90: Apri | AC90: Apri | AD90: Apri
A91: TERZA FASCIA | B91: 49.8 | C91: FALSE | E91: Sarr P. | F91: Juventus | G91: 31 | H91: Rotazione / riserva | I91: Rotazione / riserva · Rischio infortunio · Indisponibile ora · Novità / ritorno in A | J91: 23 | K91: Senegal | L91: Dx | O91: Da valutare | P91: 0 | Q91: 0 | R91: 0 | S91: 0 | T91: 0 | U91: 0/0 | AB91: Apri | AC91: Apri | AD91: Apri
A92: TERZA FASCIA | B92: 49.5 | C92: FALSE | D92: ★★★ | E92: Inao Oulai C. | F92: Fiorentina | G92: 18 | H92: Ballottaggio (Atta A.) | I92: Ballottaggio (Atta A.) · Scommessa Gazzetta · Under 23 · Novità / ritorno in A | J92: 20 | K92: Costa d'Avorio | L92: Dx | P92: 2 | Q92: 5.5 | R92: 5.5 | S92: 0 | T92: 0 | U92: 0/0 | AB92: Apri | AC92: Apri | AD92: Apri
A93: TERZA FASCIA | B93: 49.1 | C93: FALSE | E93: Ellertsson M. | F93: Genoa | G93: 17 | H93: Titolare fisso | I93: Titolare fisso | J93: 24 | K93: Islanda | L93: Sx | P93: 3 | Q93: 5.5 | R93: 5.5 | S93: 0 | T93: 0 | U93: 0/0 | V93: 35 | W93: 5.8 | X93: 5.87 | Y93: 1 | Z93: 1 | AA93: 0/0 | AB93: Apri | AC93: Apri | AD93: Apri
A94: TERZA FASCIA | B94: 48.7 | C94: FALSE | E94: Hutchinson O. | F94: Milan | G94: 26 | H94: Rotazione / riserva | I94: Rotazione / riserva · Under 23 · Novità / ritorno in A | J94: 22 | K94: Giamaica, Inghilterra | L94: Sx | P94: 0 | Q94: 0 | R94: 0 | S94: 0 | T94: 0 | U94: 0/0 | AB94: Apri | AC94: Apri | AD94: Apri
A95: TERZA FASCIA | B95: 48.6 | C95: FALSE | D95: ★★ | E95: Luiz D. | F95: Juventus | G95: 22 | H95: Rotazione / riserva | I95: Rotazione / riserva · Scommessa Gazzetta · Novità / ritorno in A | J95: 28 | K95: Brasile | L95: Dx | P95: 2 | Q95: 5.75 | R95: 5.75 | S95: 0 | T95: 0 | U95: 0/0 | V95: 0 | W95: 0 | X95: 0 | Y95: 0 | Z95: 0 | AA95: 0/0 | AB95: Apri | AC95: Apri | AD95: Apri
A96: TERZA FASCIA | B96: 47.4 | C96: FALSE | D96: ★★ | E96: Diouf A. | F96: Inter | G96: 21 | H96: Rotazione / riserva | I96: Rotazione / riserva · Scommessa Gazzetta | J96: 23 | K96: Francia, Senegal | L96: Sx | P96: 1 | Q96: 7 | R96: 9 | S96: 0 | T96: 2 | U96: 0/0 | V96: 11 | W96: 6.14 | X96: 6.41 | Y96: 1 | Z96: 0 | AA96: 0/0 | AB96: Apri | AC96: Apri | AD96: Apri
A97: TERZA FASCIA | B97: 47.4 | C97: FALSE | D97: ★★ | E97: Schmid R. | F97: Frosinone | G97: 19 | H97: Titolare probabile | I97: Titolare probabile · Calci piazzati · Scommessa Gazzetta · Rischio infortunio · Indisponibile ora · Novità / ritorno in A | J97: 26 | K97: Austria | L97: Dx | N97: 2° | O97: Rientro alla 4 (settembre) | P97: 2 | Q97: 5.75 | R97: 5.5 | S97: 0 | T97: 0 | U97: 0/0 | AB97: Apri | AC97: Apri | AD97: Apri
A98: TERZA FASCIA | B98: 47 | C98: FALSE | D98: ★ | E98: Colpani A. | F98: Monza | G98: 20 | H98: Rotazione / riserva | I98: Rotazione / riserva · Calci piazzati · Consigliato Gazzetta · Novità / ritorno in A | J98: 27 | K98: Italia | L98: Sx | N98: 2° | P98: 2 | Q98: 5.75 | R98: 7.25 | S98: 1 | T98: 0 | U98: 0/0 | AB98: Apri | AC98: Apri | AD98: Apri
A99: TERZA FASCIA | B99: 46.6 | C99: FALSE | D99: ★★ | E99: Folorunsho M. | F99: Monza | G99: 16 | H99: Titolare probabile | I99: Titolare probabile · Scommessa Gazzetta | J99: 28 | K99: Italia, Nigeria | L99: Dx | P99: 1 | Q99: 6 | R99: 6 | S99: 0 | T99: 0 | U99: 0/0 | V99: 26 | W99: 5.92 | X99: 6.1 | Y99: 2 | Z99: 0 | AA99: 0/0 | AB99: Apri | AC99: Apri | AD99: Apri
A100: TERZA FASCIA | B100: 46.5 | C100: FALSE | E100: Fadera A. | F100: Cagliari | G100: 21 | H100: Rotazione / riserva | I100: Rotazione / riserva | J100: 24 | K100: Gambia | L100: Dx | P100: 1 | Q100: 6 | R100: 6 | S100: 0 | T100: 0 | U100: 0/0 | V100: 24 | W100: 5.92 | X100: 6.15 | Y100: 2 | Z100: 1 | AA100: 0/0 | AB100: Apri | AC100: Apri | AD100: Apri
A101: TERZA FASCIA | B101: 46.4 | C101: FALSE | E101: Monteiro J. | F101: Lecce | G101: 19 | H101: Titolare probabile | I101: Titolare probabile · Novità / ritorno in A | J101: 27 | K101: Svizzera, Portogallo | L101: Dx | P101: 0 | Q101: 0 | R101: 0 | S101: 0 | T101: 0 | U101: 0/0 | AB101: Apri | AC101: Apri | AD101: Apri
...

Sheet Attaccanti
A1: Attaccanti
A2: 120 attaccantei — quattro fasce e gerarchie d'asta
A4: Fascia | B4: Score asta | C4: ✓ | D4: Scommessa | E4: Nome | F4: Squadra attuale | G4: Quotazione Gazzetta | H4: Titolarità | I4: Tag | J4: Età | K4: Nazionalità | L4: Piede | M4: Rigorista | N4: Punizioni | O4: Stato fisico / rientro | P4: PG 26/27 | Q4: MV 26/27 | R4: FM 26/27 | S4: Gol 26/27 | T4: Assist 26/27 | U4: Rigori 26/27 | V4: PG 25/26 | W4: MV 25/26 | X4: FM 25/26 | Y4: Gol 25/26 | Z4: Assist 25/26 | AA4: Rigori 25/26 | AB4: Scheda Gazzetta | AC4: Scheda statistiche | AD4: Fonte gerarchie
A5: TOP | B5: 91.5 | C5: FALSE | E5: Malen D. | F5: Roma | G5: 98 | H5: Titolare fisso | I5: Titolare fisso · Consigliato Gazzetta · Portatore di bonus | J5: 27 | K5: Olanda, Suriname | L5: Dx | P5: 2 | Q5: 8.25 | R5: 15.5 | S5: 5 | T5: 0 | U5: 0/0 | V5: 18 | W5: 6.78 | X5: 9.03 | Y5: 14 | Z5: 2 | AA5: 3/4 | AB5: Apri | AC5: Apri | AD5: Apri
A6: TOP | B6: 91.1 | C6: FALSE | E6: Martinez L. | F6: Inter | G6: 83 | H6: Titolare fisso | I6: Titolare fisso · Consigliato Gazzetta · Garanzia voto · Portatore di bonus | J6: 29 | K6: Argentina | L6: Dx | P6: 2 | Q6: 5.75 | R6: 5.5 | S6: 0 | T6: 0 | U6: 0/0 | V6: 30 | W6: 6.42 | X6: 8.25 | Y6: 17 | Z6: 6 | AA6: 0/0 | AB6: Apri | AC6: Apri | AD6: Apri
A7: TOP | B7: 89.8 | C7: FALSE | E7: Hojlund R. | F7: Napoli | G7: 77 | H7: Titolare fisso | I7: Titolare fisso · Consigliato Gazzetta · Garanzia voto · Portatore di bonus | J7: 23 | K7: Danimarca | L7: Sx | P7: 2 | Q7: 6.25 | R7: 7.75 | S7: 1 | T7: 0 | U7: 0/0 | V7: 33 | W7: 6.21 | X7: 7.44 | Y7: 12 | Z7: 5 | AA7: 1/1 | AB7: Apri | AC7: Apri | AD7: Apri
A8: TOP | B8: 87.5 | C8: FALSE | E8: Thuram M. | F8: Inter | G8: 71 | H8: Titolare probabile | I8: Titolare probabile · Consigliato Gazzetta · Portatore di bonus | J8: 29 | K8: Francia, Guadalupe | L8: Dx | P8: 1 | Q8: 6 | R8: 6 | S8: 0 | T8: 0 | U8: 0/0 | V8: 29 | W8: 6.4 | X8: 7.91 | Y8: 13 | Z8: 6 | AA8: 0/0 | AB8: Apri | AC8: Apri | AD8: Apri
A9: TOP | B9: 87 | C9: FALSE | D9: ★★ | E9: Ramos G. | F9: Milan | G9: 79 | H9: Titolare fisso | I9: Titolare fisso · Consigliato Gazzetta · Scommessa Gazzetta · Novità / ritorno in A | J9: 25 | K9: Portogallo | L9: Dx | P9: 2 | Q9: 6.5 | R9: 8 | S9: 1 | T9: 0 | U9: 0/0 | AB9: Apri | AC9: Apri | AD9: Apri
A10: TOP | B10: 86.6 | C10: FALSE | D10: ★★ | E10: Davis K. | F10: Udinese | G10: 59 | H10: Titolare probabile | I10: Titolare probabile · Consigliato Gazzetta · Scommessa Gazzetta · Garanzia voto · Portatore di bonus | J10: 28 | K10: Inghilterra | L10: Dx | P10: 1 | Q10: 6.5 | R10: 6.5 | S10: 0 | T10: 0 | U10: 0/0 | V10: 30 | W10: 6.23 | X10: 7.28 | Y10: 10 | Z10: 4 | AA10: 4/4 | AB10: Apri | AC10: Apri | AD10: Apri
A11: TOP | B11: 86 | C11: FALSE | E11: Kean M. | F11: Como | G11: 62 | H11: Titolare fisso | I11: Titolare fisso · Consigliato Gazzetta | J11: 26 | K11: Italia, Costa d'Avorio | L11: Dx | P11: 2 | Q11: 6.25 | R11: 6.75 | S11: 0 | T11: 1 | U11: 0/0 | V11: 26 | W11: 5.87 | X11: 6.75 | Y11: 8 | Z11: 1 | AA11: 2/2 | AB11: Apri | AC11: Apri | AD11: Apri
A12: TOP | B12: 85.6 | C12: FALSE | D12: ★★ | E12: Kolo Muani R. | F12: Juventus | G12: 71 | H12: Titolare fisso | I12: Titolare fisso · Consigliato Gazzetta · Scommessa Gazzetta · Novità / ritorno in A | J12: 27 | K12: Francia, Repubblica Democratica del Congo | L12: Dx | P12: 2 | Q12: 5.5 | R12: 5.5 | S12: 0 | T12: 0 | U12: 0/0 | AB12: Apri | AC12: Apri | AD12: Apri
A13: TOP | B13: 85.2 | C13: FALSE | E13: Scamacca G. | F13: Atalanta | G13: 58 | H13: Titolare fisso | I13: Titolare fisso · Consigliato Gazzetta | J13: 27 | K13: Italia | L13: Ambidestro | P13: 2 | Q13: 5.75 | R13: 5.75 | S13: 0 | T13: 0 | U13: 0/0 | V13: 23 | W13: 6.2 | X13: 7.5 | Y13: 10 | Z13: 1 | AA13: 2/2 | AB13: Apri | AC13: Apri | AD13: Apri
A14: TOP | B14: 83.5 | C14: FALSE | E14: Dybala P. | F14: Roma | G14: 54 | H14: Ballottaggio (Soule M.) | I14: Ballottaggio (Soule M.) · Calci piazzati · Consigliato Gazzetta | J14: 32 | K14: Argentina, Italia | L14: Sx | N14: 1° | P14: 2 | Q14: 7.5 | R14: 9 | S14: 0 | T14: 3 | U14: 0/0 | V14: 21 | W14: 6.21 | X14: 6.69 | Y14: 2 | Z14: 7 | AA14: 0/1 | AB14: Apri | AC14: Apri | AD14: Apri
A15: TOP | B15: 82.7 | C15: FALSE | E15: Simeone G. | F15: Torino | G15: 54 | H15: Titolare fisso | I15: Titolare fisso · Consigliato Gazzetta · Garanzia voto | J15: 31 | K15: Argentina, Spagna | L15: Dx | P15: 2 | Q15: 5.5 | R15: 5.5 | S15: 0 | T15: 0 | U15: 0/0 | V15: 32 | W15: 6.22 | X15: 7.23 | Y15: 11 | Z15: 0 | AA15: 0/0 | AB15: Apri | AC15: Apri | AD15: Apri
A16: TOP | B16: 80.7 | C16: FALSE | E16: Lauriente A. | F16: Sassuolo | G16: 45 | H16: Titolare fisso | I16: Titolare fisso · Calci piazzati · Consigliato Gazzetta · Garanzia voto · Portatore di bonus | J16: 27 | K16: Francia, Guadalupa | L16: Dx | N16: 2° | P16: 2 | Q16: 6.25 | R16: 6 | S16: 0 | T16: 0 | U16: 0/0 | V16: 37 | W16: 6.11 | X16: 6.86 | Y16: 7 | Z16: 9 | AA16: 0/0 | AB16: Apri | AC16: Apri | AD16: Apri
A17: SEMITOP | B17: 80.5 | C17: FALSE | E17: Berardi D. | F17: Sassuolo | G17: 51 | H17: Ballottaggio (Volpato C.) | I17: Ballottaggio (Volpato C.) · Calci piazzati · Consigliato Gazzetta · Portatore di bonus | J17: 32 | K17: Italia | L17: Sx | N17: 1° | P17: 1 | Q17: 7 | R17: 10 | S17: 1 | T17: 0 | U17: 0/0 | V17: 26 | W17: 6.21 | X17: 7.1 | Y17: 8 | Z17: 4 | AA17: 2/3 | AB17: Apri | AC17: Apri | AD17: Apri
A18: SEMITOP | B18: 78.9 | C18: FALSE | D18: ★★ | E18: Yildiz K. | F18: Juventus | G18: 67 | H18: Titolare probabile | I18: Titolare probabile · Calci piazzati · Consigliato Gazzetta · Under 23 · Garanzia voto · Portatore di bonus · Rischio infortunio · Indisponibile ora · Rientro lungo | J18: 21 | K18: Turchia, Germania | L18: Ambidestro | N18: 1° | O18: Rientro alla 14 (dicembre) | P18: 1 | Q18: 5.5 | R18: 5.5 | S18: 0 | T18: 0 | U18: 0/0 | V18: 35 | W18: 6.46 | X18: 7.37 | Y18: 10 | Z18: 6 | AA18: 1/2 | AB18: Apri | AC18: Apri | AD18: Apri
A19: SEMITOP | B19: 78.2 | C19: FALSE | E19: Douvikas T. | F19: Como | G19: 70 | H19: Rotazione / riserva | I19: Rotazione / riserva · Consigliato Gazzetta · Garanzia voto · Portatore di bonus | J19: 27 | K19: Grecia | L19: Dx | P19: 3 | Q19: 6.33 | R19: 8.33 | S19: 2 | T19: 0 | U19: 0/0 | V19: 36 | W19: 6.19 | X19: 7.39 | Y19: 14 | Z19: 1 | AA19: 1/1 | AB19: Apri | AC19: Apri | AD19: Apri
A20: SEMITOP | B20: 78.1 | C20: FALSE | E20: Pinamonti A. | F20: Lazio | G20: 52 | H20: Titolare probabile | I20: Titolare probabile · Consigliato Gazzetta · Garanzia voto · Portatore di bonus | J20: 27 | K20: Italia | L20: Dx | P20: 0 | Q20: 0 | R20: 0 | S20: 0 | T20: 0 | U20: 0/0 | V20: 35 | W20: 5.93 | X20: 6.64 | Y20: 9 | Z20: 3 | AA20: 0/1 | AB20: Apri | AC20: Apri | AD20: Apri
A21: SEMITOP | B21: 76.7 | C21: FALSE | E21: Adams C. | F21: Torino | G21: 52 | H21: Titolare fisso | I21: Titolare fisso · Garanzia voto | J21: 30 | K21: Scozia, Inghilterra | L21: Dx | P21: 2 | Q21: 6.5 | R21: 8 | S21: 1 | T21: 0 | U21: 0/0 | V21: 32 | W21: 6.06 | X21: 6.72 | Y21: 6 | Z21: 3 | AA21: 0/0 | AB21: Apri | AC21: Apri | AD21: Apri
A22: SEMITOP | B22: 74.5 | C22: FALSE | E22: Krstovic N. | F22: Atalanta | G22: 57 | H22: Rotazione / riserva | I22: Rotazione / riserva · Consigliato Gazzetta · Garanzia voto · Portatore di bonus | J22: 26 | K22: Serbia, Montenegro | L22: Dx | P22: 2 | Q22: 6.5 | R22: 7.75 | S22: 1 | T22: 0 | U22: 0/0 | V22: 32 | W22: 6.12 | X22: 7.16 | Y22: 10 | Z22: 5 | AA22: 0/0 | AB22: Apri | AC22: Apri | AD22: Apri
A23: SEMITOP | B23: 74.3 | C23: FALSE | D23: ★★★ | E23: Woltemade N. | F23: Juventus | G23: 57 | H23: Titolare probabile | I23: Titolare probabile · Scommessa Gazzetta · Novità / ritorno in A | J23: 24 | K23: Germania | L23: Dx | P23: 0 | Q23: 0 | R23: 0 | S23: 0 | T23: 0 | U23: 0/0 | AB23: Apri | AC23: Apri | AD23: Apri
A24: SEMITOP | B24: 72.5 | C24: FALSE | E24: Colombo L. | F24: Genoa | G24: 34 | H24: Titolare fisso | I24: Titolare fisso · Consigliato Gazzetta · Garanzia voto | J24: 24 | K24: Italia | L24: Sx | P24: 3 | Q24: 5.67 | R24: 6 | S24: 0 | T24: 1 | U24: 0/0 | V24: 37 | W24: 5.91 | X24: 6.39 | Y24: 7 | Z24: 1 | AA24: 1/2 | AB24: Apri | AC24: Apri | AD24: Apri
A25: SEMITOP | B25: 72.2 | C25: FALSE | E25: Castro S. | F25: Roma | G25: 54 | H25: Rotazione / riserva | I25: Rotazione / riserva · Consigliato Gazzetta · Under 23 · Garanzia voto | J25: 21 | K25: Argentina | L25: Dx | P25: 2 | Q25: 6 | R25: 6 | S25: 0 | T25: 0 | U25: 0/0 | V25: 35 | W25: 6.04 | X25: 6.63 | Y25: 7 | Z25: 1 | AA25: 0/0 | AB25: Apri | AC25: Apri | AD25: Apri
A26: SEMITOP | B26: 71.6 | C26: FALSE | E26: De Ketelaere C. | F26: Atalanta | G26: 38 | H26: Titolare fisso | I26: Titolare fisso · Calci piazzati · Garanzia voto | J26: 25 | K26: Belgio | L26: Sx | N26: 1° | P26: 2 | Q26: 5.75 | R26: 5.75 | S26: 0 | T26: 0 | U26: 0/0 | V26: 31 | W26: 6.11 | X26: 6.5 | Y26: 3 | Z26: 5 | AA26: 0/0 | AB26: Apri | AC26: Apri | AD26: Apri
A27: SEMITOP | B27: 71 | C27: FALSE | E27: Soule M. | F27: Roma | G27: 57 | H27: Ballottaggio (Dybala P.) | I27: Ballottaggio (Dybala P.) · Calci piazzati · Garanzia voto | J27: 23 | K27: Argentina, Italia | L27: Sx | N27: 3° | P27: 2 | Q27: 6.25 | R27: 7.75 | S27: 1 | T27: 0 | U27: 0/0 | V27: 32 | W27: 6.11 | X27: 6.81 | Y27: 6 | Z27: 5 | AA27: 0/0 | AB27: Apri | AC27: Apri | AD27: Apri
A28: SEMITOP | B28: 70.5 | C28: FALSE | D28: ★★★ | E28: Esposito S. | F28: Sassuolo | G28: 39 | H28: Ballottaggio (Bowie K.) | I28: Ballottaggio (Bowie K.) · Scommessa Gazzetta · Garanzia voto | J28: 24 | K28: Italia | L28: Dx | P28: 0 | Q28: 0 | R28: 0 | S28: 0 | T28: 0 | U28: 0/0 | V28: 36 | W28: 6.19 | X28: 6.81 | Y28: 7 | Z28: 4 | AA28: 1/1 | AB28: Apri | AC28: Apri | AD28: Apri
A29: SEMITOP | B29: 70.4 | C29: FALSE | D29: ★★ | E29: Beto | F29: Fiorentina | G29: 40 | H29: Titolare probabile | I29: Titolare probabile · Consigliato Gazzetta · Scommessa Gazzetta · Novità / ritorno in A | J29: 28 | K29: Portogallo, Guinea Bissau | L29: Dx | P29: 0 | Q29: 0 | R29: 0 | S29: 0 | T29: 0 | U29: 0/0 | AB29: Apri | AC29: Apri | AD29: Apri
A30: SEMITOP | B30: 69 | C30: FALSE | E30: Rowe J. | F30: Atalanta | G30: 39 | H30: Ballottaggio (Elmas E.) | I30: Ballottaggio (Elmas E.) | J30: 23 | K30: Inghilterra | L30: Dx | P30: 1 | Q30: 5.5 | R30: 5.5 | S30: 0 | T30: 0 | U30: 0/0 | V30: 28 | W30: 6.09 | X30: 6.48 | Y30: 3 | Z30: 3 | AA30: 0/0 | AB30: Apri | AC30: Apri | AD30: Apri
A31: SEMITOP | B31: 68 | C31: FALSE | D31: ★★ | E31: Vitinha | F31: Genoa | G31: 30 | H31: Ballottaggio (Osmajic M.) | I31: Ballottaggio (Osmajic M.) · Calci piazzati · Scommessa Gazzetta · Garanzia voto | J31: 26 | K31: Portogallo | L31: Dx | N31: 2° | P31: 3 | Q31: 5.5 | R31: 5.5 | S31: 0 | T31: 0 | U31: 0/0 | V31: 32 | W31: 5.97 | X31: 6.39 | Y31: 5 | Z31: 1 | AA31: 0/0 | AB31: Apri | AC31: Apri | AD31: Apri
A32: SEMITOP | B32: 67.4 | C32: FALSE | D32: ★★★ | E32: Diao A. | F32: Como | G32: 32 | H32: Titolare fisso | I32: Titolare fisso · Scommessa Gazzetta · Under 23 | J32: 20 | K32: Spagna, Senegal | L32: Dx | P32: 3 | Q32: 6.67 | R32: 9 | S32: 2 | T32: 1 | U32: 0/0 | V32: 16 | W32: 5.94 | X32: 6.31 | Y32: 2 | Z32: 1 | AA32: 0/0 | AB32: Apri | AC32: Apri | AD32: Apri
A33: SEMITOP | B33: 67.3 | C33: FALSE | D33: ★★ | E33: Esposito F. | F33: Inter | G33: 45 | H33: Rotazione / riserva | I33: Rotazione / riserva · Scommessa Gazzetta · Under 23 · Garanzia voto | J33: 21 | K33: Italia | L33: Dx | P33: 2 | Q33: 6.75 | R33: 8.75 | S33: 1 | T33: 1 | U33: 0/0 | V33: 32 | W33: 6.27 | X33: 7 | Y33: 7 | Z33: 3 | AA33: 0/0 | AB33: Apri | AC33: Apri | AD33: Apri
A34: SEMITOP | B34: 66.5 | C34: FALSE | D34: ★★ | E34: Pellegrino M. | F34: Fiorentina | G34: 44 | H34: Rotazione / riserva | I34: Rotazione / riserva · Scommessa Gazzetta | J34: 24 | K34: Argentina, Spagna | L34: Sx | P34: 2 | Q34: 4.75 | R34: 4.5 | S34: 0 | T34: 0 | U34: 0/0 | V34: 37 | W34: 5.85 | X34: 6.51 | Y34: 9 | Z34: 0 | AA34: 1/1 | AB34: Apri | AC34: Apri | AD34: Apri
A35: TERZA FASCIA | B35: 65.5 | C35: FALSE | E35: Isaksen G. | F35: Lazio | G35: 26 | H35: Ballottaggio (Cancellieri M.) | I35: Ballottaggio (Cancellieri M.) · Consigliato Gazzetta | J35: 25 | K35: Danimarca | L35: Ambidestro | P35: 2 | Q35: 6 | R35: 6 | S35: 0 | T35: 0 | U35: 0/0 | V35: 27 | W35: 5.96 | X35: 6.56 | Y35: 5 | Z35: 1 | AA35: 0/0 | AB35: Apri | AC35: Apri | AD35: Apri
A36: TERZA FASCIA | B36: 64.9 | C36: FALSE | D36: ★★ | E36: Raimondo A. | F36: Frosinone | G36: 30 | H36: Titolare fisso | I36: Titolare fisso · Consigliato Gazzetta · Under 23 · Novità / ritorno in A | J36: 22 | K36: Italia | L36: Sx | P36: 2 | Q36: 6.75 | R36: 9.5 | S36: 2 | T36: 0 | U36: 0/0 | AB36: Apri | AC36: Apri | AD36: Apri
A37: TERZA FASCIA | B37: 63.6 | C37: FALSE | E37: Cambiaghi N. | F37: Bologna | G37: 29 | H37: Titolare fisso | I37: Titolare fisso | J37: 25 | K37: Italia | L37: Dx | P37: 2 | Q37: 6 | R37: 5.75 | S37: 0 | T37: 0 | U37: 0/0 | V37: 25 | W37: 5.96 | X37: 6.38 | Y37: 3 | Z37: 4 | AA37: 0/0 | AB37: Apri | AC37: Apri | AD37: Apri
A38: TERZA FASCIA | B38: 63 | C38: FALSE | D38: ★★ | E38: Piccoli R. | F38: Bologna | G38: 26 | H38: Titolare fisso | I38: Titolare fisso · Scommessa Gazzetta | J38: 25 | K38: Italia | L38: Dx | P38: 2 | Q38: 5.5 | R38: 5.5 | S38: 0 | T38: 0 | U38: 0/0 | V38: 27 | W38: 5.7 | X38: 6.17 | Y38: 4 | Z38: 1 | AA38: 0/0 | AB38: Apri | AC38: Apri | AD38: Apri
A39: TERZA FASCIA | B39: 62.1 | C39: FALSE | E39: Raspadori G. | F39: Atalanta | G39: 43 | H39: Ballottaggio (Elmas E.) | I39: Ballottaggio (Elmas E.) | J39: 26 | K39: Italia | L39: Ambidestro | P39: 2 | Q39: 6.25 | R39: 7.75 | S39: 1 | T39: 0 | U39: 0/0 | V39: 13 | W39: 6 | X39: 6.77 | Y39: 3 | Z39: 1 | AA39: 0/0 | AB39: Apri | AC39: Apri | AD39: Apri
A40: TERZA FASCIA | B40: 59.9 | C40: FALSE | D40: ★ | E40: Yeboah J. | F40: Venezia | G40: 24 | H40: Titolare fisso | I40: Titolare fisso · Calci piazzati · Consigliato Gazzetta · Novità / ritorno in A | J40: 26 | K40: Ecuador, Germania | L40: Sx | N40: 2° | P40: 2 | Q40: 6.25 | R40: 6.25 | S40: 0 | T40: 0 | U40: 0/0 | AB40: Apri | AC40: Apri | AD40: Apri
A41: TERZA FASCIA | B41: 59.3 | C41: FALSE | E41: Neres D. | F41: Napoli | G41: 41 | H41: Rotazione / riserva | I41: Rotazione / riserva · Calci piazzati | J41: 29 | K41: Brasile | L41: Sx | N41: 3° | P41: 0 | Q41: 0 | R41: 0 | S41: 0 | T41: 0 | U41: 0/0 | V41: 16 | W41: 6.16 | X41: 6.81 | Y41: 3 | Z41: 3 | AA41: 0/0 | AB41: Apri | AC41: Apri | AD41: Apri
A42: TERZA FASCIA | B42: 59.3 | C42: FALSE | D42: ★★ | E42: Boga J. | F42: Juventus | G42: 34 | H42: Ballottaggio (Alajbegovic K.) | I42: Ballottaggio (Alajbegovic K.) · Scommessa Gazzetta | J42: 29 | K42: Costa d'Avorio, Francia | L42: Dx | P42: 2 | Q42: 5.5 | R42: 5.5 | S42: 0 | T42: 0 | U42: 0/0 | V42: 13 | W42: 6.15 | X42: 7.12 | Y42: 4 | Z42: 1 | AA42: 0/0 | AB42: Apri | AC42: Apri | AD42: Apri
A43: TERZA FASCIA | B43: 58.8 | C43: FALSE | E43: Zapata D. | F43: Torino | G43: 42 | H43: Rotazione / riserva | I43: Rotazione / riserva | J43: 35 | K43: Colombia | L43: Dx | P43: 0 | Q43: 0 | R43: 0 | S43: 0 | T43: 0 | U43: 0/0 | V43: 23 | W43: 5.89 | X43: 6.2 | Y43: 3 | Z43: 1 | AA43: 0/1 | AB43: Apri | AC43: Apri | AD43: Apri
A44: TERZA FASCIA | B44: 58.2 | C44: FALSE | E44: Rodriguez J. | F44: Como | G44: 38 | H44: Rotazione / riserva | I44: Rotazione / riserva · Under 23 | J44: 20 | K44: Spagna | L44: Dx | P44: 1 | Q44: 5 | R44: 5 | S44: 0 | T44: 0 | U44: 0/0 | V44: 28 | W44: 6.29 | X44: 6.7 | Y44: 2 | Z44: 8 | AA44: 0/0 | AB44: Apri | AC44: Apri | AD44: Apri
A45: TERZA FASCIA | B45: 56.6 | C45: FALSE | D45: ★★ | E45: Bonny A. | F45: Inter | G45: 31 | H45: Rotazione / riserva | I45: Rotazione / riserva · Scommessa Gazzetta · Under 23 | J45: 22 | K45: Francia, Costa d'Avorio | L45: Dx | P45: 1 | Q45: 6 | R45: 6 | S45: 0 | T45: 0 | U45: 0/0 | V45: 28 | W45: 6.09 | X45: 6.75 | Y45: 5 | Z45: 4 | AA45: 0/0 | AB45: Apri | AC45: Apri | AD45: Apri
A46: TERZA FASCIA | B46: 56.5 | C46: FALSE | E46: Lang N. | F46: Napoli | G46: 34 | H46: Rotazione / riserva | I46: Rotazione / riserva | J46: 27 | K46: Olanda, Suriname | L46: Dx | P46: 2 | Q46: 5.5 | R46: 5.5 | S46: 0 | T46: 0 | U46: 0/0 | V46: 14 | W46: 5.96 | X46: 6.25 | Y46: 1 | Z46: 2 | AA46: 0/0 | AB46: Apri | AC46: Apri | AD46: Apri
A47: TERZA FASCIA | B47: 56.1 | C47: FALSE | E47: Stulic N. | F47: Lecce | G47: 27 | H47: Rotazione / riserva | I47: Rotazione / riserva · Consigliato Gazzetta | J47: 24 | K47: Serbia, Croazia | L47: Dx | P47: 2 | Q47: 5.25 | R47: 5.25 | S47: 0 | T47: 0 | U47: 0/0 | V47: 31 | W47: 5.61 | X47: 5.98 | Y47: 4 | Z47: 0 | AA47: 1/1 | AB47: Apri | AC47: Apri | AD47: Apri
A48: TERZA FASCIA | B48: 53.1 | C48: FALSE | D48: ★★ | E48: Alajbegovic K. | F48: Juventus | G48: 32 | H48: Ballottaggio (Boga J.) | I48: Ballottaggio (Boga J.) · Scommessa Gazzetta · Under 23 · Novità / ritorno in A | J48: 18 | K48: Bosnia Erzegovina, Germania | L48: Ambidestro | P48: 1 | Q48: 5.5 | R48: 5.5 | S48: 0 | T48: 0 | U48: 0/0 | AB48: Apri | AC48: Apri | AD48: Apri
A49: TERZA FASCIA | B49: 51.7 | C49: FALSE | D49: ★★ | E49: Bowie K. | F49: Sassuolo | G49: 25 | H49: Ballottaggio (Esposito S.) | I49: Ballottaggio (Esposito S.) · Scommessa Gazzetta | J49: 23 | K49: Scozia | L49: Sx | P49: 2 | Q49: 5.5 | R49: 5.5 | S49: 0 | T49: 0 | U49: 0/0 | V49: 14 | W49: 5.89 | X49: 6.71 | Y49: 4 | Z49: 0 | AA49: 0/0 | AB49: Apri | AC49: Apri | AD49: Apri
A50: TERZA FASCIA | B50: 51.2 | C50: FALSE | E50: Cutrone P. | F50: Monza | G50: 24 | H50: Rotazione / riserva | I50: Rotazione / riserva · Consigliato Gazzetta | J50: 28 | K50: Italia | L50: Dx | P50: 2 | Q50: 6 | R50: 6 | S50: 0 | T50: 0 | U50: 0/0 | V50: 15 | W50: 5.73 | X50: 5.93 | Y50: 1 | Z50: 0 | AA50: 0/0 | AB50: Apri | AC50: Apri | AD50: Apri
A51: TERZA FASCIA | B51: 50 | C51: FALSE | D51: ★★ | E51: Varela G. | F51: Monza | G51: 22 | H51: Titolare probabile | I51: Titolare probabile · Consigliato Gazzetta · Under 23 · Rischio infortunio · Indisponibile ora · Novità / ritorno in A | J51: 21 | K51: Portogallo | L51: Dx | O51: Da valutare | P51: 2 | Q51: 7 | R51: 10 | S51: 2 | T51: 0 | U51: 0/0 | AB51: Apri | AC51: Apri | AD51: Apri
A52: TERZA FASCIA | B52: 49.9 | C52: FALSE | D52: ★★ | E52: Njie A. | F52: Fiorentina | G52: 21 | H52: Ballottaggio (Gnonto W.) | I52: Ballottaggio (Gnonto W.) · Under 23 | J52: 21 | K52: Svezia, Gambia | L52: Dx | P52: 1 | Q52: 7 | R52: 7 | S52: 0 | T52: 0 | U52: 0/0 | V52: 11 | W52: 5.86 | X52: 6.18 | Y52: 1 | Z52: 1 | AA52: 0/0 | AB52: Apri | AC52: Apri | AD52: Apri
A53: TERZA FASCIA | B53: 49.3 | C53: FALSE | E53: Lucca L. | F53: Napoli | G53: 28 | H53: Rotazione / riserva | I53: Rotazione / riserva | J53: 25 | K53: Italia | L53: Dx | P53: 1 | Q53: 6.5 | R53: 6.5 | S53: 0 | T53: 0 | U53: 0/0 | V53: 9 | W53: 5.61 | X53: 5.89 | Y53: 1 | Z53: 0 | AA53: 0/0 | AB53: Apri | AC53: Apri | AD53: Apri
A54: TERZA FASCIA | B54: 47.4 | C54: FALSE | E54: Borrelli G. | F54: Cagliari | G54: 24 | H54: Rotazione / riserva | I54: Rotazione / riserva | J54: 26 | K54: Italia | L54: Dx | P54: 1 | Q54: 6 | R54: 6 | S54: 0 | T54: 0 | U54: 0/0 | V54: 26 | W54: 5.94 | X54: 6.48 | Y54: 5 | Z54: 1 | AA54: 0/0 | AB54: Apri | AC54: Apri | AD54: Apri
A55: TERZA FASCIA | B55: 46.9 | C55: FALSE | D55: ★ | E55: Ghedjemis F. | F55: Frosinone | G55: 24 | H55: Ballottaggio (Fini S.) | I55: Ballottaggio (Fini S.) · Calci piazzati · Consigliato Gazzetta · Novità / ritorno in A | J55: 23 | K55: Francia, Algeria | L55: Sx | N55: 3° | P55: 0 | Q55: 0 | R55: 0 | S55: 0 | T55: 0 | U55: 0/0 | AB55: Apri | AC55: Apri | AD55: Apri
A56: TERZA FASCIA | B56: 46.8 | C56: FALSE | E56: Gnonto W. | F56: Fiorentina | G56: 29 | H56: Ballottaggio (Njie A.) | I56: Ballottaggio (Njie A.) · Under 23 · Novità / ritorno in A | J56: 22 | K56: Italia, Costa d'Avorio | L56: Dx | P56: 0 | Q56: 0 | R56: 0 | S56: 0 | T56: 0 | U56: 0/0 | AB56: Apri | AC56: Apri | AD56: Apri
A57: TERZA FASCIA | B57: 46.4 | C57: FALSE | D57: ★★★ | E57: Romero D. | F57: Parma | G57: 19 | H57: Titolare probabile | I57: Titolare probabile · Scommessa Gazzetta · Novità / ritorno in A | J57: 23 | K57: Argentina | L57: Dx | P57: 1 | Q57: 6.5 | R57: 6.5 | S57: 0 | T57: 0 | U57: 0/0 | AB57: Apri | AC57: Apri | AD57: Apri
A58: TERZA FASCIA | B58: 43.6 | C58: FALSE | D58: ★★ | E58: Adams A. | F58: Venezia | G58: 17 | H58: Titolare fisso | I58: Titolare fisso · Scommessa Gazzetta · Novità / ritorno in A | J58: 26 | K58: Nigeria | L58: Dx | P58: 2 | Q58: 5.5 | R58: 5.5 | S58: 0 | T58: 0 | U58: 0/0 | AB58: Apri | AC58: Apri | AD58: Apri
A59: TERZA FASCIA | B59: 43.2 | C59: FALSE | E59: Noslin T. | F59: Lazio | G59: 23 | H59: Rotazione / riserva | I59: Rotazione / riserva | J59: 27 | K59: Olanda | L59: Dx | P59: 0 | Q59: 0 | R59: 0 | S59: 0 | T59: 0 | U59: 0/0 | V59: 23 | W59: 6.02 | X59: 6.5 | Y59: 4 | Z59: 2 | AA59: 0/0 | AB59: Apri | AC59: Apri | AD59: Apri
A60: TERZA FASCIA | B60: 42.7 | C60: FALSE | E60: Dovbyk A. | F60: Bologna | G60: 19 | H60: Rotazione / riserva | I60: Rotazione / riserva · Consigliato Gazzetta | J60: 29 | K60: Ucraina | L60: Sx | P60: 2 | Q60: 5.25 | R60: 5.25 | S60: 0 | T60: 0 | U60: 0/0 | V60: 12 | W60: 5.92 | X60: 6.75 | Y60: 3 | Z60: 1 | AA60: 0/0 | AB60: Apri | AC60: Apri | AD60: Apri
A61: TERZA FASCIA | B61: 42.7 | C61: FALSE | D61: ★ | E61: Elphege N. | F61: Parma | G61: 22 | H61: Rotazione / riserva | I61: Rotazione / riserva · Scommessa Gazzetta | J61: 25 | K61: Francia, Camerun | L61: Sx | P61: 0 | Q61: 0 | R61: 0 | S61: 0 | T61: 0 | U61: 0/0 | V61: 8 | W61: 6.12 | X61: 7 | Y61: 2 | Z61: 1 | AA61: 0/0 | AB61: Apri | AC61: Apri | AD61: Apri
A62: TERZA FASCIA | B62: 41.3 | C62: FALSE | D62: ★★ | E62: Kvernadze G. | F62: Frosinone | G62: 21 | H62: Rotazione / riserva | I62: Rotazione / riserva · Scommessa Gazzetta · Novità / ritorno in A | J62: 23 | K62: Georgia | L62: Dx | P62: 2 | Q62: 6.75 | R62: 7.25 | S62: 0 | T62: 1 | U62: 0/0 | AB62: Apri | AC62: Apri | AD62: Apri
A63: TERZA FASCIA | B63: 41.2 | C63: FALSE | E63: Gonzalez N. | F63: Juventus | G63: 23 | H63: Rotazione / riserva | I63: Rotazione / riserva · Novità / ritorno in A | J63: 28 | K63: Argentina | L63: Sx | P63: 1 | Q63: 7.5 | R63: 10.5 | S63: 1 | T63: 0 | U63: 0/0 | V63: 0 | W63: 0 | X63: 0 | Y63: 0 | Z63: 0 | AA63: 0/0 | AB63: Apri | AC63: Apri | AD63: Apri
A64: TERZA FASCIA | B64: 41.1 | C64: FALSE | E64: Giovane D. | F64: Napoli | G64: 24 | H64: Rotazione / riserva | I64: Rotazione / riserva · Under 23 · Garanzia voto · Rischio infortunio · Indisponibile ora | J64: 22 | K64: Brasile | L64: Sx | O64: Rientro alla 6 (ottobre) | P64: 0 | Q64: 0 | R64: 0 | S64: 0 | T64: 0 | U64: 0/0 | V64: 31 | W64: 5.94 | X64: 6.39 | Y64: 3 | Z64: 6 | AA64: 0/0 | AB64: Apri | AC64: Apri | AD64: Apri
A65: QUARTA FASCIA | B65: 41.1 | C65: FALSE | E65: Ngonge C. | F65: Monza | G65: 17 | H65: Titolare probabile | I65: Titolare probabile | J65: 26 | K65: Belgio, Repubblica Democratica del Congo | L65: Sx | P65: 0 | Q65: 0 | R65: 0 | S65: 0 | T65: 0 | U65: 0/0 | V65: 17 | W65: 5.88 | X65: 6.06 | Y65: 1 | Z65: 1 | AA65: 0/0 | AB65: Apri | AC65: Apri | AD65: Apri
A66: QUARTA FASCIA | B66: 40.7 | C66: FALSE | D66: ★ | E66: Adorante A. | F66: Venezia | G66: 23 | H66: Rotazione / riserva | I66: Rotazione / riserva · Consigliato Gazzetta · Scommessa Gazzetta · Rischio infortunio · Indisponibile ora · Novità / ritorno in A | J66: 26 | K66: Italia | L66: Dx | O66: Rientro alla 6 (ottobre) | P66: 0 | Q66: 0 | R66: 0 | S66: 0 | T66: 0 | U66: 0/0 | AB66: Apri | AC66: Apri | AD66: Apri
A67: QUARTA FASCIA | B67: 39.9 | C67: FALSE | D67: ★★★ | E67: Toure E. | F67: Parma | G67: 14 | H67: Ballottaggio (Lontani S.) | I67: Ballottaggio (Lontani S.) · Scommessa Gazzetta · Novità / ritorno in A | J67: 24 | K67: Mali, Costa D'Avorio | L67: Ambidestro | P67: 2 | Q67: 5.5 | R67: 5.5 | S67: 0 | T67: 0 | U67: 0/0 | V67: 0 | W67: 0 | X67: 0 | Y67: 0 | Z67: 0 | AA67: 0/0 | AB67: Apri | AC67: Apri | AD67: Apri
A68: QUARTA FASCIA | B68: 39.6 | C68: FALSE | E68: Cancellieri M. | F68: Lazio | G68: 19 | H68: Ballottaggio (Isaksen G.) | I68: Ballottaggio (Isaksen G.) | J68: 24 | K68: Italia | L68: Sx | P68: 2 | Q68: 5.75 | R68: 5.5 | S68: 0 | T68: 0 | U68: 0/0 | V68: 28 | W68: 5.82 | X68: 6.18 | Y68: 4 | Z68: 1 | AA68: 0/0 | AB68: Apri | AC68: Apri | AD68: Apri
A69: QUARTA FASCIA | B69: 37.9 | C69: FALSE | D69: ★ | E69: Mota D. | F69: Monza | G69: 19 | H69: Rotazione / riserva | I69: Rotazione / riserva · Calci piazzati · Consigliato Gazzetta · Novità / ritorno in A | J69: 28 | K69: Portogallo, Lussemburgo | L69: Dx | N69: 3° | P69: 0 | Q69: 0 | R69: 0 | S69: 0 | T69: 0 | U69: 0/0 | AB69: Apri | AC69: Apri | AD69: Apri
A70: QUARTA FASCIA | B70: 36.5 | C70: FALSE | E70: Nzola M. | F70: Cagliari | G70: 19 | H70: Rotazione / riserva | I70: Rotazione / riserva | J70: 30 | K70: Francia, Angola | L70: Sx | P70: 0 | Q70: 0 | R70: 0 | S70: 0 | T70: 0 | U70: 0/0 | V70: 28 | W70: 5.86 | X70: 6.14 | Y70: 4 | Z70: 1 | AA70: 2/3 | AB70: Apri | AC70: Apri | AD70: Apri
A71: QUARTA FASCIA | B71: 36.4 | C71: FALSE | D71: ★★ | E71: Geubbels W. | F71: Lecce | G71: 15 | H71: Titolare probabile | I71: Titolare probabile · Scommessa Gazzetta · Rischio infortunio · Indisponibile ora · Novità / ritorno in A | J71: 25 | K71: Francia, Olanda | L71: Dx | O71: Da valutare | P71: 2 | Q71: 5.25 | R71: 5.25 | S71: 0 | T71: 0 | U71: 0/0 | AB71: Apri | AC71: Apri | AD71: Apri
A72: QUARTA FASCIA | B72: 36.3 | C72: FALSE | E72: Bobcek T. | F72: Frosinone | G72: 21 | H72: Rotazione / riserva | I72: Rotazione / riserva · Novità / ritorno in A | J72: 24 | K72: Slovacchia | L72: Dx | P72: 0 | Q72: 0 | R72: 0 | S72: 0 | T72: 0 | U72: 0/0 | AB72: Apri | AC72: Apri | AD72: Apri
A73: QUARTA FASCIA | B73: 35.9 | C73: FALSE | E73: Sulemana K. | F73: Atalanta | G73: 22 | H73: Rotazione / riserva | I73: Rotazione / riserva · Rischio infortunio · Indisponibile ora | J73: 24 | K73: Ghana | L73: Dx | O73: Rientro alla 6 (ottobre) | P73: 0 | Q73: 0 | R73: 0 | S73: 0 | T73: 0 | U73: 0/0 | V73: 20 | W73: 5.92 | X73: 6.18 | Y73: 2 | Z73: 1 | AA73: 0/0 | AB73: Apri | AC73: Apri | AD73: Apri
A74: QUARTA FASCIA | B74: 35.9 | C74: FALSE | D74: ★★ | E74: Carlos K. | F74: Cagliari | G74: 12 | H74: Titolare probabile | I74: Titolare probabile · Scommessa Gazzetta · Novità / ritorno in A | J74: 25 | K74: Spagna, Nigeria | L74: Dx | P74: 1 | Q74: 5.5 | R74: 5 | S74: 0 | T74: 0 | U74: 0/0 | AB74: Apri | AC74: Apri | AD74: Apri
A75: QUARTA FASCIA | B75: 35.8 | C75: FALSE | E75: Dominguez B. | F75: Sassuolo | G75: 18 | H75: Rotazione / riserva | I75: Rotazione / riserva · Under 23 | J75: 22 | K75: Argentina | L75: Dx | P75: 2 | Q75: 5.75 | R75: 5.75 | S75: 0 | T75: 0 | U75: 0/0 | V75: 13 | W75: 5.81 | X75: 6 | Y75: 0 | Z75: 3 | AA75: 0/0 | AB75: Apri | AC75: Apri | AD75: Apri
A76: QUARTA FASCIA | B76: 34.3 | C76: FALSE | E76: Ndri K. | F76: Lecce | G76: 17 | H76: Rotazione / riserva | I76: Rotazione / riserva | J76: 25 | K76: Costa D'Avorio | L76: Sx | P76: 2 | Q76: 5.75 | R76: 5.75 | S76: 0 | T76: 0 | U76: 0/0 | V76: 17 | W76: 5.85 | X76: 6.12 | Y76: 2 | Z76: 0 | AA76: 0/0 | AB76: Apri | AC76: Apri | AD76: Apri
A77: QUARTA FASCIA | B77: 33.5 | C77: FALSE | E77: Aboukhlal Z. | F77: Torino | G77: 17 | H77: Rotazione / riserva | I77: Rotazione / riserva | J77: 26 | K77: Marocco, Olanda | L77: Ambidestro | P77: 2 | Q77: 5.5 | R77: 5.5 | S77: 0 | T77: 0 | U77: 0/0 | V77: 12 | W77: 5.79 | X77: 5.62 | Y77: 0 | Z77: 0 | AA77: 0/0 | AB77: Apri | AC77: Apri | AD77: Apri
A78: QUARTA FASCIA | B78: 32.4 | C78: FALSE | E78: Zeballos E. | F78: Monza | G78: 12 | H78: Titolare probabile | I78: Titolare probabile · Novità / ritorno in A | J78: 24 | K78: Argentina | L78: Dx | P78: 0 | Q78: 0 | R78: 0 | S78: 0 | T78: 0 | U78: 0/0 | AB78: Apri | AC78: Apri | AD78: Apri
A79: QUARTA FASCIA | B79: 32.1 | C79: FALSE | D79: ★★ | E79: Gueye I. | F79: Udinese | G79: 14 | H79: Rotazione / riserva | I79: Rotazione / riserva · Scommessa Gazzetta · Under 23 | J79: 19 | K79: Senegal | L79: Dx | P79: 2 | Q79: 5.5 | R79: 5.5 | S79: 0 | T79: 0 | U79: 0/0 | V79: 15 | W79: 5.77 | X79: 5.9 | Y79: 1 | Z79: 0 | AA79: 0/0 | AB79: Apri | AC79: Apri | AD79: Apri
A80: QUARTA FASCIA | B80: 31.9 | C80: FALSE | E80: Kulenovic S. | F80: Torino | G80: 17 | H80: Rotazione / riserva | I80: Rotazione / riserva | J80: 26 | K80: Croazia | L80: Dx | P80: 1 | Q80: 5.5 | R80: 5.5 | S80: 0 | T80: 0 | U80: 0/0 | V80: 7 | W80: 5.64 | X80: 5.71 | Y80: 0 | Z80: 1 | AA80: 0/0 | AB80: Apri | AC80: Apri | AD80: Apri
A81: QUARTA FASCIA | B81: 31.8 | C81: FALSE | D81: ★★ | E81: Almqvist P. | F81: Parma | G81: 15 | H81: Rotazione / riserva | I81: Rotazione / riserva · Scommessa Gazzetta | J81: 27 | K81: Svezia | L81: Sx | P81: 1 | Q81: 5.5 | R81: 5.5 | S81: 0 | T81: 0 | U81: 0/0 | V81: 10 | W81: 5.9 | X81: 6 | Y81: 0 | Z81: 1 | AA81: 0/0 | AB81: Apri | AC81: Apri | AD81: Apri
A82: QUARTA FASCIA | B82: 30.6 | C82: FALSE | E82: Addai J. | F82: Como | G82: 19 | H82: Rotazione / riserva | I82: Rotazione / riserva · Under 23 · Rischio infortunio · Indisponibile ora | J82: 21 | K82: Olanda, Ghana | L82: Sx | O82: Rientro alla 6 (ottobre) | P82: 0 | Q82: 0 | R82: 0 | S82: 0 | T82: 0 | U82: 0/0 | V82: 12 | W82: 6 | X82: 6.58 | Y82: 3 | Z82: 0 | AA82: 0/0 | AB82: Apri | AC82: Apri | AD82: Apri
A83: QUARTA FASCIA | B83: 30.1 | C83: FALSE | E83: Havel E. | F83: Genoa | G83: 20 | H83: Rotazione / riserva | I83: Rotazione / riserva · Rischio infortunio · Indisponibile ora · Novità / ritorno in A | J83: 23 | K83: Austria | L83: Dx | O83: Da valutare | P83: 0 | Q83: 0 | R83: 0 | S83: 0 | T83: 0 | U83: 0/0 | AB83: Apri | AC83: Apri | AD83: Apri
A84: QUARTA FASCIA | B84: 28.6 | C84: FALSE | E84: Birligea D. | F84: Frosinone | G84: 17 | H84: Rotazione / riserva | I84: Rotazione / riserva · Novità / ritorno in A | J84: 26 | K84: Romania | L84: Dx | P84: 0 | Q84: 0 | R84: 0 | S84: 0 | T84: 0 | U84: 0/0 | AB84: Apri | AC84: Apri | AD84: Apri
A85: QUARTA FASCIA | B85: 27.9 | C85: FALSE | E85: Osmajic M. | F85: Genoa | G85: 14 | H85: Ballottaggio (Vitinha) | I85: Ballottaggio (Vitinha) · Novità / ritorno in A | J85: 27 | K85: Montenegro | L85: Dx | P85: 2 | Q85: 6 | R85: 7.5 | S85: 1 | T85: 0 | U85: 0/0 | AB85: Apri | AC85: Apri | AD85: Apri
A86: QUARTA FASCIA | B86: 27.4 | C86: FALSE | E86: Bayo V. | F86: Udinese | G86: 13 | H86: Rotazione / riserva | I86: Rotazione / riserva | J86: 29 | K86: Costa d'Avorio | L86: Dx | P86: 1 | Q86: 4.5 | R86: 4.5 | S86: 0 | T86: 0 | U86: 0/0 | V86: 12 | W86: 5.75 | X86: 5.83 | Y86: 0 | Z86: 1 | AA86: 0/0 | AB86: Apri | AC86: Apri | AD86: Apri
A87: QUARTA FASCIA | B87: 27.3 | C87: FALSE | E87: Ekhator J. | F87: Juventus | G87: 19 | H87: Rotazione / riserva | I87: Rotazione / riserva · Under 23 · Rischio infortunio · Indisponibile ora · Rientro lungo | J87: 19 | K87: Italia, Nigeria | L87: Dx | O87: Rientro alla 10 (ottobre/novembre) | P87: 0 | Q87: 0 | R87: 0 | S87: 0 | T87: 0 | U87: 0/0 | V87: 25 | W87: 5.94 | X87: 6.26 | Y87: 3 | Z87: 0 | AA87: 0/0 | AB87: Apri | AC87: Apri | AD87: Apri
A88: QUARTA FASCIA | B88: 27.1 | C88: FALSE | E88: Felici M. | F88: Cagliari | G88: 10 | H88: Rotazione / riserva | I88: Rotazione / riserva · Consigliato Gazzetta | J88: 25 | K88: Italia | L88: Dx | P88: 1 | Q88: 6 | R88: 6 | S88: 0 | T88: 0 | U88: 0/0 | V88: 11 | W88: 6 | X88: 6.5 | Y88: 2 | Z88: 1 | AA88: 0/0 | AB88: Apri | AC88: Apri | AD88: Apri
A89: QUARTA FASCIA | B89: 25.5 | C89: FALSE | D89: ★★ | E89: Fini S. | F89: Frosinone | G89: 10 | H89: Ballottaggio (Ghedjemis F.) | I89: Ballottaggio (Ghedjemis F.) · Scommessa Gazzetta · Under 23 | J89: 20 | K89: Italia, Costa d'Avorio | L89: Sx | P89: 2 | Q89: 5.75 | R89: 5.75 | S89: 0 | T89: 0 | U89: 0/0 | V89: 1 | W89: 5.5 | X89: 5.5 | Y89: 0 | Z89: 0 | AA89: 0/0 | AB89: Apri | AC89: Apri | AD89: Apri
A90: QUARTA FASCIA | B90: 23.3 | C90: FALSE | D90: ★ | E90: Camarda F. | F90: Milan | G90: 10 | H90: Rotazione / riserva | I90: Rotazione / riserva · Scommessa Gazzetta · Under 23 | J90: 18 | K90: Italia | L90: Sx | P90: 0 | Q90: 0 | R90: 0 | S90: 0 | T90: 0 | U90: 0/0 | V90: 18 | W90: 5.67 | X90: 5.64 | Y90: 1 | Z90: 0 | AA90: 0/1 | AB90: Apri | AC90: Apri | AD90: Apri
A91: QUARTA FASCIA | B91: 22.4 | C91: FALSE | E91: Enem J. | F91: Bologna | G91: 12 | H91: Rotazione / riserva | I91: Rotazione / riserva · Novità / ritorno in A | J91: 23 | K91: Olanda, Nigeria | L91: Dx | P91: 0 | Q91: 0 | R91: 0 | S91: 0 | T91: 0 | U91: 0/0 | AB91: Apri | AC91: Apri | AD91: Apri
A92: QUARTA FASCIA | B92: 22.4 | C92: FALSE | E92: Balde K. | F92: Monza | G92: 12 | H92: Rotazione / riserva | I92: Rotazione / riserva · Novità / ritorno in A | J92: 31 | K92: Senegal | AB92: Apri | AD92: Apri
A93: QUARTA FASCIA | B93: 22.1 | C93: FALSE | E93: Rrahmani A. | F93: Venezia | G93: 10 | H93: Rotazione / riserva | I93: Rotazione / riserva | J93: 26 | K93: Kosovo | L93: Ambidestro | P93: 0 | Q93: 0 | R93: 0 | S93: 0 | T93: 0 | U93: 0/0 | V93: 21 | W93: 6.26 | X93: 6.48 | Y93: 2 | Z93: 0 | AA93: 0/0 | AB93: Apri | AC93: Apri | AD93: Apri
A94: QUARTA FASCIA | B94: 21.5 | C94: FALSE | D94: ★ | E94: Lontani S. | F94: Parma | G94: 2 | H94: Ballottaggio (Toure E.) | I94: Ballottaggio (Toure E.) · Under 23 | J94: 18 | K94: Italia | L94: Dx | P94: 2 | Q94: 6 | R94: 6 | S94: 0 | T94: 0 | U94: 0/0 | AB94: Apri | AC94: Apri | AD94: Apri
A95: QUARTA FASCIA | B95: 20.6 | C95: FALSE | E95: Milik A. | F95: Juventus | G95: 10 | H95: Rotazione / riserva | I95: Rotazione / riserva | J95: 32 | K95: Polonia | L95: Sx | P95: 0 | Q95: 0 | R95: 0 | S95: 0 | T95: 0 | U95: 0/0 | V95: 2 | W95: 6 | X95: 6 | Y95: 0 | Z95: 0 | AA95: 0/0 | AB95: Apri | AC95: Apri | AD95: Apri
A96: QUARTA FASCIA | B96: 20.5 | C96: FALSE | E96: Fatah A. | F96: Lecce | G96: 10 | H96: Rotazione / riserva | I96: Rotazione / riserva · Under 23 · Novità / ritorno in A | J96: 22 | K96: Svezia, Somalia | L96: Dx | P96: 1 | Q96: 6 | R96: 6 | S96: 0 | T96: 0 | U96: 0/0 | AB96: Apri | AC96: Apri | AD96: Apri
A97: QUARTA FASCIA | B97: 19.6 | C97: FALSE | E97: Mendy P. | F97: Cagliari | G97: 6 | H97: Rotazione / riserva | I97: Rotazione / riserva · Under 23 | J97: 19 | K97: Senegal | L97: Sx | P97: 2 | Q97: 5.75 | R97: 5.75 | S97: 0 | T97: 0 | U97: 0/0 | V97: 8 | W97: 5.94 | X97: 6.62 | Y97: 2 | Z97: 0 | AA97: 0/0 | AB97: Apri | AC97: Apri | AD97: Apri
A98: QUARTA FASCIA | B98: 19 | C98: FALSE | E98: Lisman K. | F98: Venezia | G98: 10 | H98: Rotazione / riserva | I98: Rotazione / riserva · Under 23 · Novità / ritorno in A | J98: 20 | K98: Polonia | L98: Dx | P98: 0 | Q98: 0 | R98: 0 | S98: 0 | T98: 0 | U98: 0/0 | AB98: Apri | AC98: Apri | AD98: Apri
A99: QUARTA FASCIA | B99: 19 | C99: FALSE | E99: Frigan M. | F99: Parma | G99: 10 | H99: Rotazione / riserva | I99: Rotazione / riserva · Novità / ritorno in A | J99: 23 | K99: Croazia | L99: Sx | P99: 0 | Q99: 0 | R99: 0 | S99: 0 | T99: 0 | U99: 0/0 | V99: 0 | W99: 0 | X99: 0 | Y99: 0 | Z99: 0 | AA99: 0/0 | AB99: Apri | AC99: Apri | AD99: Apri
A100: QUARTA FASCIA | B100: 16.2 | C100: FALSE | E100: Robinson J. | F100: Monza | G100: 9 | H100: Rotazione / riserva | I100: Rotazione / riserva · Under 23 · Novità / ritorno in A | J100: 19 | K100: Inghilterra | L100: Dx | P100: 0 | Q100: 0 | R100: 0 | S100: 0 | T100: 0 | U100: 0/0 | AB100: Apri | AC100: Apri | AD100: Apri
A101: QUARTA FASCIA | B101: 16.2 | C101: FALSE | E101: Karlsson J. | F101: Bologna | G101: 9 | H101: Rotazione / riserva | I101: Rotazione / riserva · Novità / ritorno in A | J101: 28 | K101: Svezia | L101: Dx | V101: 0 | W101: 0 | X101: 0 | Y101: 0 | Z101: 0 | AA101: 0/0 | AB101: Apri | AD101: Apri
...
